Date,Open,High,Low,Close,Volume,Change
2018-01-02,8420,8480,8270,8460,1176650,0.013173652694610682
2018-01-03,8460,8710,8420,8500,1678788,0.004728132387706863
2018-01-04,8580,8590,8210,8220,1546841,-0.03294117647058825
2018-01-05,8230,8360,8230,8300,1035357,0.009732360097323589
2018-01-08,8310,8320,8050,8100,1446225,-0.02409638554216864
2018-01-09,8150,8300,8050,8110,1092275,0.0012345679012346622
2018-01-10,8130,8280,8110,8220,914730,0.013563501849568338
2018-01-11,8220,8300,8140,8180,964537,-0.0048661800486617945
2018-01-12,8180,8220,8070,8210,1315389,0.003667481662591676
2018-01-15,8260,8910,8260,8840,5787452,0.07673568818513998
2018-01-16,8940,9300,8900,9110,5453881,0.030542986425339258
2018-01-17,9150,9270,9010,9090,2325897,-0.002195389681668547
2018-01-18,9200,9420,9110,9200,2226545,0.012101210121012063
2018-01-19,9230,9550,9110,9210,3170349,0.0010869565217390686
2018-01-22,9290,9380,9110,9240,1593675,0.0032573289902280145
2018-01-23,9250,9330,9080,9240,1682890,0.0
2018-01-24,9300,9480,9120,9140,2263579,-0.010822510822510845
2018-01-25,9140,9340,9030,9300,1673371,0.017505470459518557
2018-01-26,9430,9470,9230,9280,1516233,-0.0021505376344086446
2018-01-29,9280,9280,9100,9110,1601310,-0.018318965517241326
2018-01-30,9060,9070,8860,8920,2006452,-0.020856201975850697
2018-01-31,8930,9180,8900,9080,1627529,0.017937219730941756
2018-02-01,9140,9300,9030,9290,1810130,0.02312775330396466
2018-02-02,9290,9300,9090,9240,1387023,-0.005382131324004336
2018-02-05,8950,9040,8810,8830,1836600,-0.044372294372294396
2018-02-06,8450,8690,8250,8660,2983013,-0.01925254813137034
2018-02-07,8810,8820,8350,8350,1450572,-0.035796766743648956
2018-02-08,8350,8820,8340,8650,2056398,0.03592814371257491
2018-02-09,8360,8490,8360,8420,1005442,-0.026589595375722586
2018-02-12,8540,8620,8440,8460,748631,0.004750593824228044
2018-02-13,8560,8570,8310,8310,827313,-0.01773049645390068
2018-02-14,8330,8400,8240,8400,858134,0.010830324909747224
2018-02-19,8450,8650,8440,8630,826823,0.027380952380952284
2018-02-20,8670,8670,8390,8430,730648,-0.023174971031286185
2018-02-21,8440,8600,8410,8550,601303,0.014234875444839812
2018-02-22,8530,8540,8410,8500,395862,-0.005847953216374324
2018-02-23,8540,8550,8470,8520,407810,0.0023529411764706687
2018-02-26,8180,8200,7690,7800,5146820,-0.08450704225352113
2018-02-27,7960,8050,7880,7900,1403969,0.012820512820512775
2018-02-28,7900,7980,7790,7810,798970,-0.011392405063291089
2018-03-02,7680,7800,7570,7750,1057461,-0.007682458386683688
2018-03-05,7750,7750,7540,7600,943155,-0.01935483870967747
2018-03-06,7720,8020,7710,8010,1340188,0.05394736842105252
2018-03-07,8050,8110,7890,7960,1195070,-0.006242197253433224
2018-03-08,8020,8140,7970,7970,729782,0.0012562814070351536
2018-03-09,7990,8370,7910,8350,1694894,0.04767879548306153
2018-03-12,8380,8440,8260,8340,912729,-0.0011976047904191933
2018-03-13,8340,8340,8190,8230,621293,-0.013189448441247031
2018-03-14,8160,8320,8100,8140,681970,-0.010935601458080146
2018-03-15,8140,8250,8080,8190,481350,0.006142506142506221
2018-03-16,8250,8250,8050,8150,743858,-0.004884004884004867
2018-03-19,8120,8200,8060,8060,490163,-0.011042944785276121
2018-03-20,7980,8090,7950,8010,659530,-0.006203473945409432
2018-03-21,8000,8130,7950,7950,647795,-0.0074906367041198685
2018-03-22,8010,8100,7980,8000,595964,0.0062893081761006275
2018-03-23,7810,7880,7530,7550,1380362,-0.05625000000000002
2018-03-26,7500,7770,7470,7750,851726,0.026490066225165476
2018-03-27,7780,7900,7760,7780,750393,0.003870967741935516
2018-03-28,7650,7840,7620,7810,618794,0.003856041131105492
2018-03-29,7850,7850,7730,7840,358307,0.003841229193341844
2018-03-30,7860,7930,7800,7800,506528,-0.005102040816326481
2018-04-02,7690,7850,7650,7720,565621,-0.01025641025641022
2018-04-03,7660,7820,7650,7820,353498,0.012953367875647714
2018-04-04,7820,7820,7590,7590,562856,-0.02941176470588236
2018-04-05,7660,7760,7580,7600,536113,0.0013175230566535578
2018-04-06,7610,7690,7560,7650,318851,0.006578947368421018
2018-04-09,7580,7660,7500,7550,527748,-0.013071895424836555
2018-04-10,7560,7610,7370,7510,723087,-0.005298013245033095
2018-04-11,7590,7610,7500,7540,313117,0.003994673768308976
2018-04-12,7540,7600,7390,7400,961448,-0.018567639257294433
2018-04-13,7500,7590,7400,7450,959420,0.006756756756756799
2018-04-16,7410,7510,7400,7490,456294,0.005369127516778427
2018-04-17,7500,7630,7460,7570,546851,0.010680907877169465
2018-04-18,7600,7610,7470,7490,679888,-0.010568031704095149
2018-04-19,7460,7570,7430,7470,511400,-0.002670226969292422
2018-04-20,7470,7510,7410,7430,426812,-0.0053547523427041055
2018-04-23,7440,7630,7440,7610,861195,0.024226110363391617
2018-04-24,7660,7720,7440,7440,965586,-0.0223390275952694
2018-04-25,7170,7180,6690,6800,3301381,-0.08602150537634412
2018-04-26,6770,6970,6770,6950,702325,0.022058823529411686
2018-04-27,7000,7020,6900,7000,418156,0.007194244604316502
2018-04-30,7050,7080,6970,7020,645437,0.0028571428571428914
2018-05-02,7030,7230,7000,7170,857946,0.02136752136752129
2018-05-03,7370,7380,7200,7210,659171,0.00557880055788007
2018-05-04,7210,7380,7080,7180,868553,-0.004160887656033285
2018-05-08,7200,7200,6970,6970,642189,-0.029247910863509752
2018-05-09,6970,7120,6920,7100,577403,0.01865136298421799
2018-05-10,7100,7320,7090,7260,804338,0.022535211267605604
2018-05-11,7260,7270,7140,7190,481716,-0.009641873278236957
2018-05-14,7190,7240,7060,7100,611246,-0.012517385257301838
2018-05-15,7110,7140,7010,7030,597764,-0.009859154929577452
2018-05-16,7050,7060,6900,6920,643256,-0.015647226173541973
2018-05-17,6940,7430,6940,7340,3291912,0.06069364161849711
2018-05-18,7410,7440,7290,7390,652281,0.006811989100817373
2018-05-21,7400,7400,7200,7230,648368,-0.021650879566982417
2018-05-23,7250,7370,7170,7230,681665,0.0
2018-05-24,7270,7300,7080,7110,519827,-0.016597510373444035
2018-05-25,6970,7100,6960,7010,521140,-0.01406469760900142
2018-05-28,7150,7250,7120,7140,782399,0.01854493580599148
2018-05-29,7190,7220,7050,7090,585770,-0.007002801120448154
2018-05-30,7020,7110,6910,6970,694273,-0.016925246826516194
2018-05-31,7030,7050,6960,7050,330743,0.011477761836441891
2018-06-01,7010,7080,6910,6970,449263,-0.01134751773049647
2018-06-04,6970,7190,6970,7090,574975,0.017216642754662947
2018-06-05,7180,7190,7040,7110,360779,0.0028208744710860323
2018-06-07,7160,7380,7140,7270,1147793,0.02250351617440227
2018-06-08,7320,7320,7150,7170,469617,-0.01375515818431916
2018-06-11,7190,7230,7080,7230,366273,0.008368200836819994
2018-06-12,7230,7270,7130,7190,334787,-0.0055325034578146415
2018-06-14,7190,7260,7030,7080,662928,-0.015299026425591111
2018-06-15,7090,7140,7010,7020,393644,-0.008474576271186418
2018-06-18,6980,7020,6710,6810,737713,-0.02991452991452992
2018-06-19,6810,6910,6600,6600,598481,-0.03083700440528636
2018-06-20,6510,6750,6510,6750,360928,0.022727272727272707
2018-06-21,6760,6770,6530,6530,390307,-0.03259259259259262
2018-06-22,6510,6610,6400,6580,326663,0.007656967840734996
2018-06-25,6590,6830,6590,6820,446209,0.036474164133738496
2018-06-26,6710,6800,6640,6740,323118,-0.011730205278592365
2018-06-27,6750,6870,6700,6700,284365,-0.005934718100890191
2018-06-28,6730,6960,6720,6820,515279,0.017910447761193993
2018-06-29,6980,6980,6680,6810,375970,-0.0014662756598240456
2018-07-02,6860,6860,6600,6600,422635,-0.03083700440528636
2018-07-03,6610,6810,6610,6790,472316,0.028787878787878807
2018-07-04,6830,7140,6820,7060,1172483,0.0397643593519883
2018-07-05,7120,7120,6900,6990,528227,-0.009915014164305958
2018-07-06,7010,7020,6810,7000,382148,0.0014306151645206988
2018-07-09,6930,7090,6900,7030,464059,0.004285714285714226
2018-07-10,7090,7170,7050,7100,450804,0.009957325746799528
2018-07-11,7100,7180,7020,7050,563129,-0.007042253521126751
2018-07-12,7050,7130,6970,7080,389416,0.004255319148936065
2018-07-13,7140,7310,7110,7210,849418,0.01836158192090398
2018-07-16,7230,7320,7200,7240,460684,0.004160887656033285
2018-07-17,7240,7270,7130,7210,405611,-0.004143646408839796
2018-07-18,7230,7440,7230,7310,1077394,0.01386962552011095
2018-07-19,7390,7400,7210,7230,716419,-0.01094391244870041
2018-07-20,7190,7330,7160,7240,356466,0.0013831258644536604
2018-07-23,7270,7290,7090,7150,556124,-0.012430939226519389
2018-07-24,7210,7340,7160,7300,687652,0.020979020979021046
2018-07-25,6900,6980,6040,6110,5241972,-0.16301369863013704
2018-07-26,6130,6290,5830,6200,1809233,0.014729950900163713
2018-07-27,6220,6450,6220,6450,1265448,0.040322580645161255
2018-07-30,6450,6660,6410,6620,977149,0.02635658914728678
2018-07-31,6670,6870,6640,6860,1164157,0.03625377643504524
2018-08-01,6910,6920,6760,6890,597310,0.004373177842565523
2018-08-02,6890,6890,6730,6830,419586,-0.00870827285921627
2018-08-03,6860,6920,6820,6870,302960,0.005856515373352744
2018-08-06,6950,6950,6800,6800,268472,-0.010189228529839833
2018-08-07,6820,6880,6790,6880,283419,0.0117647058823529
2018-08-08,6850,6860,6620,6680,540164,-0.029069767441860517
2018-08-09,6680,6740,6650,6740,229024,0.008982035928143617
2018-08-10,6630,6740,6630,6720,292258,-0.0029673590504450953
2018-08-13,6650,6670,6450,6480,396442,-0.0357142857142857
2018-08-14,6530,6580,6480,6560,210319,0.012345679012345734
2018-08-16,6510,6610,6400,6580,284533,0.0030487804878047697
2018-08-17,6640,6730,6580,6670,210282,0.013677811550151908
2018-08-20,6720,6720,6570,6590,220404,-0.01199400299850073
2018-08-21,6590,6730,6550,6720,298133,0.019726858877086473
2018-08-22,6740,6740,6580,6580,322938,-0.02083333333333337
2018-08-23,6570,6680,6560,6680,213034,0.015197568389057725
2018-08-24,6640,6670,6550,6630,255305,-0.007485029940119792
2018-08-27,6600,6660,6540,6610,374609,-0.003016591251885359
2018-08-28,6680,6810,6670,6680,486037,0.010590015128593144
2018-08-29,6680,6740,6650,6700,279235,0.0029940119760478723
2018-08-30,6690,6780,6640,6660,318384,-0.005970149253731294
2018-08-31,6660,6720,6570,6670,330905,0.0015015015015014122
2018-09-03,6660,6690,6640,6670,211354,0.0
2018-09-04,6730,7390,6670,7360,3857825,0.10344827586206895
2018-09-05,7410,7570,7250,7300,2058012,-0.008152173913043459
2018-09-06,7360,7440,7200,7340,854189,0.005479452054794498
2018-09-07,7220,7460,7160,7360,925270,0.0027247956403269047
2018-09-10,7370,7390,7260,7320,462513,-0.005434782608695676
2018-09-11,7310,7340,7150,7210,723240,-0.015027322404371546
2018-09-12,7250,7560,7210,7360,1560582,0.020804438280166426
2018-09-13,7440,7470,7340,7390,706038,0.0040760869565217295
2018-09-14,7410,7450,7260,7370,451013,-0.0027063599458727605
2018-09-17,7400,7400,7190,7260,416853,-0.014925373134328401
2018-09-18,7270,7540,7170,7450,1085315,0.026170798898071723
2018-09-19,7490,7520,7320,7370,538817,-0.010738255033557076
2018-09-20,7370,7470,7170,7190,546250,-0.024423337856173677
2018-09-21,7210,7440,7210,7420,658754,0.03198887343532686
2018-09-27,7420,7730,7420,7670,1426049,0.03369272237196763
2018-09-28,7660,7680,7520,7540,615206,-0.016949152542372836
2018-10-01,7540,7660,7410,7450,630345,-0.011936339522546469
2018-10-02,7460,7510,7180,7210,675201,-0.03221476510067112
2018-10-04,7210,7300,7110,7120,379275,-0.012482662968099856
2018-10-05,7100,7230,6990,7100,524335,-0.002808988764044895
2018-10-08,7080,7210,7010,7020,311825,-0.011267605633802802
2018-10-10,7060,7150,6740,6780,585905,-0.03418803418803418
2018-10-11,6500,6750,6450,6450,804362,-0.04867256637168138
2018-10-12,6380,6690,6380,6650,434420,0.03100775193798455
2018-10-15,6650,6690,6450,6490,399740,-0.024060150375939893
2018-10-16,6430,6640,6430,6570,248908,0.012326656394453073
2018-10-17,6800,6800,6620,6700,331305,0.019786910197869156
2018-10-18,6740,6740,6510,6540,301128,-0.023880597014925398
2018-10-19,6440,6690,6430,6650,283986,0.01681957186544336
2018-10-22,6650,6740,6530,6700,202310,0.007518796992481258
2018-10-23,6660,6700,6140,6190,799134,-0.07611940298507458
2018-10-24,6280,6340,5950,5990,814882,-0.03231017770597733
2018-10-25,5770,5950,5750,5850,792237,-0.023372287145242088
2018-10-26,6000,6000,5580,5670,721843,-0.03076923076923077
2018-10-29,5630,5840,5260,5270,823461,-0.07054673721340388
2018-10-30,5120,5440,5100,5360,878755,0.017077798861480087
2018-10-31,5410,5570,5320,5510,585390,0.027985074626865725
2018-11-01,5560,5600,5420,5420,673971,-0.016333938294010864
2018-11-02,5520,5660,5470,5660,744732,0.04428044280442811
2018-11-05,5590,5590,5450,5580,542990,-0.014134275618374548
2018-11-06,5590,5600,5490,5570,452422,-0.0017921146953404632
2018-11-07,5650,5690,5500,5500,572266,-0.012567324955116699
2018-11-08,5600,5690,5550,5580,477403,0.014545454545454639
2018-11-09,5640,5650,5530,5610,341018,0.005376344086021501
2018-11-12,5530,5700,5520,5610,335578,0.0
2018-11-13,5480,5690,5360,5570,516233,-0.007130124777183555
2018-11-14,5630,5630,5450,5470,351918,-0.01795332136445238
2018-11-15,5470,5520,5380,5520,303357,0.009140767824497242
2018-11-16,5610,5610,5480,5560,360566,0.007246376811594235
2018-11-19,5560,5620,5540,5620,316774,0.010791366906474753
2018-11-20,5540,5600,5480,5500,322335,-0.02135231316725983
2018-11-21,5450,5550,5380,5470,328218,-0.00545454545454549
2018-11-22,5470,5570,5450,5490,244226,0.003656307129798808
2018-11-23,5530,5530,5370,5400,278096,-0.016393442622950838
2018-11-26,5380,5480,5380,5440,219989,0.007407407407407307
2018-11-27,5470,5530,5420,5500,301657,0.011029411764705843
2018-11-28,5520,5540,5450,5500,276921,0.0
2018-11-29,5560,5720,5520,5520,712933,0.0036363636363636598
2018-11-30,5550,5640,5490,5520,332061,0.0
2018-12-03,5600,5750,5580,5740,532971,0.03985507246376807
2018-12-04,5790,5800,5660,5720,390753,-0.0034843205574912606
2018-12-05,5520,5670,5510,5650,275900,-0.012237762237762184
2018-12-06,5640,5650,5430,5480,513304,-0.030088495575221197
2018-12-07,5480,5540,5460,5510,248169,0.005474452554744547
2018-12-10,5370,5470,5220,5260,428786,-0.04537205081669693
2018-12-11,5270,5330,5230,5260,203594,0.0
2018-12-12,5250,5430,5240,5420,215039,0.03041825095057038
2018-12-13,5420,5550,5380,5550,491367,0.023985239852398532
2018-12-14,5630,5630,5430,5530,436719,-0.003603603603603567
2018-12-17,5560,5600,5430,5600,232847,0.012658227848101333
2018-12-18,5550,5620,5480,5550,284140,-0.008928571428571397
2018-12-19,5550,5650,5500,5560,297357,0.0018018018018017834
2018-12-20,5540,5590,5440,5500,292961,-0.010791366906474864
2018-12-21,5500,5620,5460,5500,183591,0.0
2018-12-24,5510,5600,5410,5590,306406,0.016363636363636358
2018-12-26,5480,5580,5470,5540,282504,-0.008944543828264706
2018-12-27,5580,5630,5520,5550,324378,0.0018050541516245744
2018-12-28,5400,5420,5110,5210,1607491,-0.0612612612612613
2019-01-02,5350,5360,5120,5120,584060,-0.017274472168905985
2019-01-03,5140,5200,5030,5080,467696,-0.0078125
2019-01-04,5020,5170,5000,5170,332048,0.017716535433070835
2019-01-07,5220,5270,5170,5220,276533,0.009671179883945946
2019-01-08,5190,5250,5130,5210,364052,-0.0019157088122605526
2019-01-09,5180,5290,5180,5270,256626,0.011516314779270731
2019-01-10,5310,5330,5230,5330,241945,0.011385199240986799
2019-01-11,5350,5380,5280,5340,293884,0.0018761726078799779
2019-01-14,5360,5550,5350,5530,604596,0.035580524344569264
2019-01-15,5530,5630,5530,5600,417879,0.012658227848101333
2019-01-16,5600,5690,5580,5600,421669,0.0
2019-01-17,5660,5660,5520,5600,258909,0.0
2019-01-18,5600,5890,5600,5810,713967,0.03750000000000009
2019-01-21,5940,5940,5760,5880,534542,0.012048192771084265
2019-01-22,5850,5860,5680,5700,348818,-0.030612244897959218
2019-01-23,5640,5850,5640,5760,318778,0.010526315789473717
2019-01-24,5770,5770,5700,5750,222408,-0.0017361111111111605
2019-01-25,5750,5780,5700,5730,404297,-0.003478260869565264
2019-01-28,5670,5690,5550,5590,787220,-0.024432809773123898
2019-01-29,5600,5670,5570,5650,411551,0.01073345259391778
2019-01-30,5650,5750,5610,5730,261361,0.014159292035398341
2019-01-31,5770,5840,5660,5740,388630,0.0017452006980802626
2019-02-01,5760,5780,5670,5710,187928,-0.005226480836236891
2019-02-07,5710,5770,5650,5750,268189,0.007005253940455258
2019-02-08,5720,5730,5660,5730,243140,-0.003478260869565264
2019-02-11,5710,5750,5670,5710,213567,-0.003490401396160525
2019-02-12,5710,5750,5650,5680,239574,-0.005253940455341555
2019-02-13,5690,5910,5690,5880,717452,0.035211267605633756
2019-02-14,5920,5930,5790,5900,359682,0.00340136054421758
2019-02-15,5900,5920,5750,5790,370735,-0.01864406779661021
2019-02-18,5830,5890,5770,5850,250932,0.010362694300518172
2019-02-19,5910,5970,5840,5880,490653,0.00512820512820511
2019-02-20,5890,6060,5860,6020,899519,0.023809523809523725
2019-02-21,6030,6100,5920,5990,518824,-0.004983388704318914
2019-02-22,5990,6020,5800,5870,561576,-0.02003338898163609
2019-02-25,5900,5970,5870,5880,241391,0.0017035775127767216
2019-02-26,5960,5960,5870,5910,320624,0.005102040816326481
2019-02-27,5930,5950,5800,5900,233227,-0.0016920473773265332
2019-02-28,5930,5970,5780,5790,481774,-0.01864406779661021
2019-03-04,5820,5910,5770,5780,434915,-0.0017271157167529916
2019-03-05,5780,5910,5720,5870,326323,0.015570934256055269
2019-03-06,5900,6030,5850,6020,748877,0.02555366269165238
2019-03-07,5980,6020,5820,5900,436862,-0.019933554817275767
2019-03-08,5860,5890,5730,5780,507137,-0.02033898305084747
2019-03-11,5770,5810,5680,5770,314745,-0.0017301038062284002
2019-03-12,5830,6070,5770,5990,716652,0.03812824956672434
2019-03-13,6010,6150,5970,6080,764594,0.015025041736226985
2019-03-14,6100,6270,6090,6090,725807,0.00164473684210531
2019-03-15,6130,6150,6010,6090,475574,0.0
2019-03-18,6240,6240,6020,6020,463923,-0.011494252873563204
2019-03-19,6080,6170,6040,6040,391638,0.0033222591362125353
2019-03-20,6040,6130,5910,5970,582300,-0.011589403973509937
2019-03-21,5900,6060,5870,5960,370828,-0.0016750418760469454
2019-03-22,6000,6030,5920,5930,219408,-0.005033557046979831
2019-03-25,5830,5970,5810,5830,327567,-0.016863406408094472
2019-03-26,5860,5920,5800,5810,252250,-0.0034305317324184736
2019-03-27,5820,6020,5790,5930,367035,0.0206540447504302
2019-03-28,5960,5960,5810,5840,247117,-0.015177065767284947
2019-03-29,5840,5890,5750,5880,289775,0.006849315068493178
2019-04-01,5920,6000,5820,5980,287899,0.017006802721088343
2019-04-02,6000,6010,5900,5920,198353,-0.010033444816053505
2019-04-03,5920,5960,5850,5930,278792,0.0016891891891892552
2019-04-04,5950,6170,5930,6050,968757,0.02023608768971341
2019-04-05,6020,6090,5970,6010,298240,-0.006611570247933907
2019-04-08,6050,6060,5930,5960,273090,-0.008319467554076532
2019-04-09,6030,6050,5930,6000,289327,0.006711409395973256
2019-04-10,5960,6030,5950,6000,165355,0.0
2019-04-11,6010,6110,6010,6020,378463,0.0033333333333334103
2019-04-12,6000,6040,5980,6010,200459,-0.0016611295681062677
2019-04-15,6060,6070,5980,6010,220341,0.0
2019-04-16,6010,6020,5840,5880,476677,-0.021630615640598982
2019-04-17,5910,5930,5760,5830,627444,-0.008503401360544172
2019-04-18,5840,5860,5710,5730,434700,-0.01715265866209259
2019-04-19,5790,5830,5740,5780,269381,0.008726003490401313
2019-04-22,5800,5800,5710,5720,288558,-0.01038062283737029
2019-04-23,5740,5750,5710,5740,196732,0.0034965034965035446
2019-04-24,5770,5870,5720,5820,294912,0.013937282229965264
2019-04-25,5820,5820,5710,5750,301967,-0.012027491408934665
2019-04-26,5750,5750,5630,5660,417611,-0.01565217391304352
2019-04-29,5700,5780,5670,5740,169941,0.014134275618374659
2019-04-30,5760,5770,5690,5730,146006,-0.0017421602787456303
2019-05-02,5700,5800,5690,5770,174178,0.00698080279232105
2019-05-03,5730,5780,5730,5750,143010,-0.0034662045060658286
2019-05-07,5650,5720,5650,5670,183221,-0.013913043478260834
2019-05-08,5660,5670,5560,5580,308051,-0.015873015873015928
2019-05-09,5580,5620,5340,5380,541128,-0.03584229390681004
2019-05-10,5380,5590,5320,5470,326375,0.016728624535315983
2019-05-13,5430,5500,5240,5250,373419,-0.04021937842778789
2019-05-14,5120,5320,5100,5240,410692,-0.0019047619047618536
2019-05-15,5260,5380,5220,5370,194470,0.024809160305343525
2019-05-16,5370,5380,5250,5300,206219,-0.013035381750465591
2019-05-17,5310,5440,5280,5310,202654,0.0018867924528302993
2019-05-20,5360,5400,5270,5270,193335,-0.007532956685499026
2019-05-21,5230,5390,5220,5280,171381,0.00189753320683117
2019-05-22,5320,5390,5290,5370,158686,0.017045454545454586
2019-05-23,5370,5430,5280,5320,135777,-0.009310986964618295
2019-05-24,5370,5370,5130,5220,307251,-0.018796992481203034
2019-05-27,5200,5310,5180,5280,172188,0.011494252873563315
2019-05-28,5250,5410,5220,5410,245734,0.024621212121212155
2019-05-29,5390,5390,5260,5290,211518,-0.02218114602587795
2019-05-30,5300,5420,5290,5390,246049,0.018903591682419618
2019-05-31,5320,5430,5300,5380,195733,-0.0018552875695733162
2019-06-03,5310,5400,5290,5400,184994,0.0037174721189590088
2019-06-04,5410,5450,5370,5390,177950,-0.0018518518518518823
2019-06-05,5410,5500,5410,5490,260382,0.01855287569573294
2019-06-07,5500,5570,5450,5550,182953,0.010928961748633892
2019-06-10,5580,5600,5510,5600,200119,0.009009009009008917
2019-06-11,5590,5660,5560,5630,224494,0.005357142857142838
2019-06-12,5640,5660,5550,5660,174973,0.005328596802841812
2019-06-13,5650,5690,5550,5650,478411,-0.0017667844522968323
2019-06-14,5690,5700,5600,5620,210908,-0.005309734513274322
2019-06-17,5610,5690,5590,5650,138783,0.005338078291814874
2019-06-18,5650,5690,5610,5650,161029,0.0
2019-06-19,5700,5700,5630,5650,119462,0.0
2019-06-20,5700,5780,5660,5770,404081,0.02123893805309729
2019-06-21,5770,5780,5700,5770,242046,0.0
2019-06-24,5730,5770,5680,5730,185349,-0.006932409012131768
2019-06-25,5740,5740,5660,5670,184307,-0.010471204188481686
2019-06-26,5620,5710,5610,5680,166925,0.0017636684303350414
2019-06-27,5630,5770,5630,5700,235010,0.0035211267605634866
2019-06-28,5770,5770,5650,5720,122998,0.0035087719298245723
2019-07-01,5780,5800,5690,5720,163164,0.0
2019-07-02,5680,5790,5680,5750,205212,0.005244755244755206
2019-07-03,5780,5780,5620,5620,227575,-0.022608695652173938
2019-07-04,5630,5700,5590,5660,141986,0.007117437722419906
2019-07-05,5680,5680,5600,5650,146123,-0.0017667844522968323
2019-07-08,5650,5660,5360,5400,357108,-0.04424778761061943
2019-07-09,5490,5510,5370,5380,251899,-0.0037037037037036535
2019-07-10,5380,5470,5350,5400,283850,0.0037174721189590088
2019-07-11,5440,5600,5420,5560,314190,0.029629629629629672
2019-07-12,5520,5680,5520,5630,267205,0.012589928057553879
2019-07-15,5630,5660,5520,5560,180770,-0.01243339253996445
2019-07-16,5560,5620,5530,5600,163093,0.007194244604316502
2019-07-17,5550,5580,5420,5440,246389,-0.02857142857142858
2019-07-18,5400,5450,5360,5360,164247,-0.014705882352941124
2019-07-19,5400,5470,5370,5470,109992,0.020522388059701413
2019-07-22,5440,5490,5400,5470,78624,0.0
2019-07-23,5440,5550,5430,5490,186915,0.003656307129798808
2019-07-24,5500,5520,5420,5460,135012,-0.005464480874316946
2019-07-25,5510,5510,5340,5370,193570,-0.016483516483516536
2019-07-26,5370,5380,5280,5290,193031,-0.014897579143389184
2019-07-29,5300,5310,5070,5070,326973,-0.041587901701323204
2019-07-30,5010,5160,5010,5100,136398,0.00591715976331364
2019-07-31,5100,5130,4980,5060,235989,-0.007843137254901933
2019-08-01,5040,5110,5010,5060,189082,0.0
2019-08-02,4990,5030,4915,4915,386071,-0.028656126482213384
2019-08-05,4875,4925,4500,4500,676836,-0.08443540183112919
2019-08-06,4250,4610,4250,4370,618695,-0.028888888888888853
2019-08-07,4380,4560,4380,4560,320060,0.04347826086956519
2019-08-08,4575,4690,4550,4660,273926,0.021929824561403466
2019-08-09,4665,4750,4660,4690,257661,0.006437768240343367
2019-08-12,4705,4735,4615,4710,149370,0.004264392324093924
2019-08-13,4620,4690,4570,4570,294558,-0.02972399150743099
2019-08-14,4660,4690,4610,4650,222207,0.017505470459518557
2019-08-16,4585,4610,4540,4570,168264,-0.017204301075268824
2019-08-19,4615,4785,4595,4780,292630,0.045951859956236296
2019-08-20,4780,4870,4735,4855,249748,0.01569037656903771
2019-08-21,4855,4970,4805,4960,235295,0.02162718846549949
2019-08-22,4960,5000,4870,4905,200798,-0.011088709677419373
2019-08-23,4860,4950,4830,4900,138407,-0.0010193679918450993
2019-08-26,4770,4805,4665,4665,300983,-0.04795918367346941
2019-08-27,4745,5530,4715,4865,3128002,0.04287245444801724
2019-08-28,4795,4915,4780,4860,461281,-0.0010277492291880241
2019-08-29,4920,4920,4755,4790,346037,-0.014403292181069949
2019-08-30,4830,4990,4830,4985,335504,0.040709812108559396
2019-09-02,4970,5050,4900,5040,218472,0.011033099297893756
2019-09-03,5010,5070,4985,5020,161187,-0.003968253968253954
2019-09-04,5020,5080,4975,5080,159977,0.01195219123505975
2019-09-05,5100,5140,5030,5060,193017,-0.003937007874015741
2019-09-06,5060,5100,5010,5010,99523,-0.00988142292490124
2019-09-09,4990,5040,4930,4955,148836,-0.010978043912175606
2019-09-10,4950,5050,4950,5000,172378,0.00908173562058523
2019-09-11,5020,5080,4990,5000,225144,0.0
2019-09-16,5080,5170,5030,5160,251421,0.03200000000000003
2019-09-17,5160,5250,5120,5190,226607,0.005813953488372103
2019-09-18,5180,5230,5130,5200,154624,0.0019267822736031004
2019-09-19,5200,5290,5160,5240,150796,0.007692307692307665
2019-09-20,5180,5240,5110,5110,252657,-0.024809160305343525
2019-09-23,5120,5250,5050,5220,190080,0.021526418786692814
2019-09-24,5160,5270,5160,5230,176469,0.0019157088122605526
2019-09-25,5220,5220,5040,5050,234741,-0.03441682600382412
2019-09-26,5110,5160,4950,5040,267775,-0.001980198019801982
2019-09-27,5040,5100,5000,5100,169016,0.011904761904761862
2019-09-30,5120,5150,5010,5050,119779,-0.009803921568627416
2019-10-01,5070,5150,5030,5150,144527,0.01980198019801982
2019-10-02,5050,5090,4985,4985,213727,-0.03203883495145632
2019-10-04,4970,4980,4875,4940,203646,-0.009027081243731194
2019-10-07,5000,5000,4820,4875,206906,-0.013157894736842146
2019-10-08,4845,4945,4810,4940,209425,0.01333333333333342
2019-10-10,4915,5080,4905,5040,229680,0.020242914979757165
2019-10-11,5060,5070,4935,4965,144257,-0.014880952380952328
2019-10-14,4965,5030,4955,5010,132760,0.009063444108761365
2019-10-15,5010,5070,4965,5070,149797,0.011976047904191711
2019-10-16,5080,5120,5050,5090,134987,0.0039447731755424265
2019-10-17,5040,5100,5010,5080,138890,-0.0019646365422396617
2019-10-18,5100,5100,5030,5040,147047,-0.007874015748031482
2019-10-21,5050,5050,4950,4970,136855,-0.01388888888888884
2019-10-22,4965,5000,4930,4985,214601,0.003018108651911433
2019-10-23,4995,4995,4940,4975,106891,-0.0020060180541624506
2019-10-24,4950,4975,4850,4865,256293,-0.022110552763819125
2019-10-25,4845,4885,4750,4830,338764,-0.007194244604316502
2019-10-28,4805,4900,4775,4775,234252,-0.011387163561076608
2019-10-29,4800,4845,4730,4780,251965,0.0010471204188482464
2019-10-30,4745,4810,4745,4790,178244,0.0020920502092049986
2019-10-31,4775,4850,4775,4800,150158,0.0020876826722338038
2019-11-01,4800,4860,4745,4850,238545,0.01041666666666674
2019-11-04,4820,4925,4820,4925,257425,0.015463917525773141
2019-11-05,4890,4940,4865,4920,163992,-0.0010152284263958977
2019-11-06,4890,4940,4890,4935,158650,0.0030487804878047697
2019-11-07,4910,4950,4885,4900,134905,-0.007092198581560294
2019-11-08,4900,4950,4820,4850,240065,-0.010204081632653073
2019-11-11,4855,4885,4815,4840,165153,-0.0020618556701030855
2019-11-12,4850,4895,4830,4895,126311,0.011363636363636465
2019-11-13,4820,4895,4820,4870,166476,-0.005107252298263587
2019-11-14,4890,4945,4850,4940,193248,0.014373716632443578
2019-11-15,4900,4960,4875,4940,166775,0.0
2019-11-18,4920,5040,4905,5030,244471,0.018218623481781382
2019-11-19,5020,5020,4915,4945,173002,-0.016898608349900646
2019-11-20,4915,4945,4805,4820,280308,-0.025278058645096024
2019-11-21,4805,4840,4705,4725,240419,-0.01970954356846477
2019-11-22,4725,4840,4700,4810,181307,0.017989417989418
2019-11-25,4830,4890,4810,4890,99780,0.016632016632016633
2019-11-26,4870,5030,4865,5030,260859,0.02862985685071573
2019-11-27,5000,5000,4920,4930,187301,-0.01988071570576544
2019-11-28,4945,4980,4890,4915,91735,-0.0030425963488843744
2019-11-29,4945,4955,4870,4910,125680,-0.0010172939979654627
2019-12-02,4910,5060,4905,5000,443139,0.018329938900203624
2019-12-03,4910,5010,4875,4995,168881,-0.0010000000000000009
2019-12-04,4960,4990,4920,4965,134536,-0.006006006006005982
2019-12-05,4970,5020,4910,4915,231067,-0.010070493454179208
2019-12-06,4950,4995,4925,4995,197421,0.016276703967446515
2019-12-09,5020,5200,5010,5140,628801,0.02902902902902893
2019-12-10,5140,5170,5060,5110,208525,-0.005836575875486361
2019-12-11,5120,5180,5070,5170,225124,0.011741682974559797
2019-12-12,5200,5210,5130,5170,479374,0.0
2019-12-13,5200,5260,5170,5170,333549,0.0
2019-12-16,5160,5190,5060,5130,271293,-0.007736943907156624
2019-12-17,5100,5240,5100,5240,263200,0.021442495126705596
2019-12-18,5250,5270,5200,5240,122383,0.0
2019-12-19,5250,5270,5190,5220,131124,-0.003816793893129722
2019-12-20,5260,5260,5180,5210,145613,-0.0019157088122605526
2019-12-23,5230,5230,5120,5210,111839,0.0
2019-12-24,5200,5230,5150,5210,117102,0.0
2019-12-26,5200,5270,5160,5270,318226,0.011516314779270731
2019-12-27,5250,5280,5200,5250,204301,-0.003795066413662229
2019-12-30,5200,5290,5200,5290,148295,0.007619047619047636
2020-01-02,5280,5280,5180,5210,245865,-0.015122873345935761
2020-01-03,5230,5250,5080,5080,325222,-0.0249520153550864
2020-01-06,5080,5110,5020,5020,224673,-0.011811023622047223
2020-01-07,5030,5130,5030,5110,193648,0.017928286852589626
2020-01-08,5110,5110,4925,4925,372175,-0.03620352250489234
2020-01-09,5040,5140,5010,5140,294231,0.04365482233502549
2020-01-10,5180,5230,5130,5200,270524,0.011673151750972721
2020-01-13,5240,5240,5140,5190,192763,-0.0019230769230769162
2020-01-14,5220,5280,5140,5180,310332,-0.0019267822736031004
2020-01-15,5120,5200,5120,5130,171190,-0.009652509652509633
2020-01-16,5130,5270,5130,5250,310729,0.023391812865497075
2020-01-17,5290,5300,5210,5250,248565,0.0
2020-01-20,5230,5260,5140,5160,205845,-0.017142857142857126
2020-01-21,5150,5210,5050,5070,269623,-0.01744186046511631
2020-01-22,5070,5180,5050,5180,188273,0.021696252465483346
2020-01-23,5170,5170,5070,5080,196118,-0.019305019305019266
2020-01-28,4970,4970,4840,4850,523907,-0.04527559055118113
2020-01-29,4900,4945,4855,4945,226849,0.019587628865979312
2020-01-30,4945,4965,4825,4840,317249,-0.02123356926188069
2020-01-31,4840,5080,4840,4940,455073,0.02066115702479343
2020-02-03,4900,4990,4815,4960,383676,0.004048582995951344
2020-02-04,4990,5060,4935,5050,314399,0.01814516129032251
2020-02-05,5110,5150,5050,5150,437630,0.01980198019801982
2020-02-06,5170,5180,5090,5160,275881,0.001941747572815622
2020-02-07,5170,5170,5050,5070,249746,-0.01744186046511631
2020-02-10,5040,5100,4995,5050,122978,-0.0039447731755424265
2020-02-11,5050,5180,5050,5140,262159,0.017821782178217838
2020-02-12,5110,5160,5070,5130,203193,-0.0019455252918287869
2020-02-13,5150,5160,5050,5050,351052,-0.015594541910331383
2020-02-14,5060,5100,5000,5070,347587,0.003960396039603964
2020-02-17,5000,5070,4980,5010,377330,-0.011834319526627168
2020-02-18,5050,5050,4905,4960,390582,-0.009980039920159722
2020-02-19,4960,5010,4935,4970,349401,0.002016129032258007
2020-02-20,4970,5020,4925,4955,224474,-0.003018108651911433
2020-02-21,4910,4925,4830,4850,270292,-0.021190716448032276
2020-02-24,4755,4765,4605,4605,555978,-0.050515463917525816
2020-02-25,4605,4825,4600,4800,320280,0.04234527687296419
2020-02-26,4705,4795,4650,4795,297791,-0.0010416666666667185
2020-02-27,4765,4830,4620,4630,396058,-0.03441084462982269
2020-02-28,4540,4610,4430,4460,443368,-0.036717062634989195
2020-03-02,4410,4600,4400,4600,350241,0.03139013452914807
2020-03-03,4705,4705,4570,4600,237624,0.0
2020-03-04,4650,4740,4590,4705,239225,0.022826086956521774
2020-03-05,4755,4765,4705,4755,352278,0.010626992561105109
2020-03-06,4670,4710,4580,4675,298945,-0.01682439537329128
2020-03-09,4580,4585,4440,4445,370711,-0.04919786096256684
2020-03-10,4345,4515,4345,4475,402579,0.006749156355455588
2020-03-11,4480,4485,4285,4300,409514,-0.03910614525139666
2020-03-12,4250,4290,3950,3955,967890,-0.08023255813953489
2020-03-13,3585,3895,3540,3725,1015129,-0.058154235145385536
2020-03-16,3710,4000,3680,3740,619182,0.00402684563758382
2020-03-17,3495,3905,3495,3890,613539,0.04010695187165769
2020-03-18,3970,4150,3525,3525,502475,-0.09383033419023135
2020-03-19,3530,3700,2900,2950,1162093,-0.16312056737588654
2020-03-20,2995,3380,2995,3380,612426,0.1457627118644067
2020-03-23,3020,3170,3000,3070,721172,-0.09171597633136097
2020-03-24,3135,3405,3110,3405,589721,0.10912052117263848
2020-03-25,3650,3650,3445,3610,789265,0.0602055800293686
2020-03-26,3630,3800,3515,3680,921879,0.01939058171745156
2020-03-27,3800,3815,3615,3700,710561,0.005434782608695565
2020-03-30,3575,3790,3520,3790,444140,0.024324324324324298
2020-03-31,3825,3900,3760,3820,686911,0.0079155672823219
2020-04-01,3770,3900,3700,3700,702100,-0.03141361256544506
2020-04-02,3690,3850,3645,3850,526059,0.04054054054054057
2020-04-03,3880,3950,3820,3900,542533,0.01298701298701288
2020-04-06,4000,4255,3920,4250,954479,0.08974358974358965
2020-04-07,4310,4375,4120,4245,949226,-0.0011764705882353343
2020-04-08,4245,4255,4160,4220,539561,-0.005889281507656108
2020-04-09,4300,4300,4205,4215,541994,-0.0011848341232227888
2020-04-10,4245,4300,4165,4250,591997,0.008303677342823335
2020-04-13,4295,4300,4155,4155,403764,-0.022352941176470575
2020-04-14,4190,4420,4160,4375,1011464,0.05294825511432011
2020-04-16,4330,4430,4225,4410,742749,0.008000000000000007
2020-04-17,4540,4545,4410,4470,986909,0.013605442176870763
2020-04-20,4530,4590,4470,4500,840007,0.006711409395973256
2020-04-21,4520,4520,4250,4415,780404,-0.018888888888888844
2020-04-22,4360,4385,4265,4375,397000,-0.009060022650056676
2020-04-23,4400,4560,4380,4490,642436,0.026285714285714246
2020-04-24,4460,4490,4355,4395,539137,-0.021158129175946505
2020-04-27,4375,4450,4375,4425,461208,0.006825938566553003
2020-04-28,4445,4450,4355,4390,420214,-0.00790960451977396
2020-04-29,4390,4425,4365,4425,384484,0.007972665148063829
2020-05-04,4405,4445,4305,4355,505479,-0.015819209039548032
2020-05-06,4380,4575,4380,4575,897106,0.05051664753157281
2020-05-07,4605,4770,4575,4695,988620,0.026229508196721207
2020-05-08,4700,4810,4700,4745,659945,0.010649627263045858
2020-05-11,4890,5050,4820,4970,1775768,0.04741833508956805
2020-05-12,5020,5030,4780,4830,855673,-0.028169014084507005
2020-05-13,4760,4835,4715,4800,603226,-0.006211180124223614
2020-05-14,4740,4820,4705,4705,678185,-0.019791666666666652
2020-05-15,4760,4815,4650,4795,534926,0.019128586609989284
2020-05-18,4865,4865,4735,4750,455729,-0.009384775808133461
2020-05-19,4815,4845,4775,4800,560091,0.010526315789473717
2020-05-20,4780,4820,4755,4805,439026,0.0010416666666666075
2020-05-21,4840,4980,4830,4910,1348580,0.02185223725286156
2020-05-22,5000,5040,4785,4795,1104973,-0.023421588594704668
2020-05-25,4865,4865,4710,4845,555835,0.010427528675703845
2020-05-26,4875,4945,4850,4920,847259,0.015479876160990669
2020-05-27,4960,5040,4910,4965,1186523,0.009146341463414531
2020-05-28,5010,5020,4740,4845,911857,-0.024169184290030232
2020-05-29,4835,4840,4725,4765,509910,-0.016511867905056765
2020-06-01,4765,4905,4745,4890,587222,0.026232948583420734
2020-06-02,4895,4975,4875,4920,582933,0.006134969325153339
2020-06-03,4960,5120,4935,5010,1508351,0.018292682926829285
2020-06-04,5050,5070,4900,4920,897161,-0.017964071856287456
2020-06-05,4920,4960,4860,4935,438868,0.0030487804878047697
2020-06-08,4965,4980,4915,4940,489900,0.0010131712259371373
2020-06-09,4950,4970,4870,4910,530457,-0.006072874493927127
2020-06-10,4870,4915,4870,4880,407853,-0.006109979633401208
2020-06-11,4890,4945,4820,4840,709915,-0.008196721311475419
2020-06-12,4600,4750,4580,4700,611293,-0.02892561983471076
2020-06-15,4700,4715,4290,4290,1018286,-0.08723404255319145
2020-06-16,4365,4550,4360,4505,461199,0.05011655011655014
2020-06-17,4510,4560,4405,4465,449824,-0.008879023307436174
2020-06-18,4465,4485,4380,4460,295229,-0.0011198208286674616
2020-06-19,4470,4520,4230,4230,958730,-0.05156950672645744
2020-06-22,4310,4355,4230,4250,747742,0.004728132387706863
2020-06-23,4270,4440,4250,4335,686026,0.020000000000000018
2020-06-24,4400,4400,4310,4360,473483,0.005767012687427853
2020-06-25,4320,4345,4260,4290,308737,-0.016055045871559592
2020-06-26,4305,4350,4270,4320,357976,0.006993006993007089
2020-06-29,4355,4355,4190,4210,488565,-0.02546296296296291
2020-06-30,4260,4295,4240,4250,252210,0.009501187648456089
2020-07-01,4305,4315,4235,4260,283391,0.0023529411764706687
2020-07-02,4270,4345,4255,4345,303610,0.0199530516431925
2020-07-03,4355,4365,4295,4320,286525,-0.005753739930955071
2020-07-06,4350,4360,4305,4350,312416,0.00694444444444442
2020-07-07,4355,4390,4310,4315,445002,-0.008045977011494232
2020-07-08,4300,4335,4285,4295,272269,-0.004634994206257237
2020-07-09,4300,4330,4275,4305,350112,0.002328288707799775
2020-07-10,4270,4300,4210,4255,456016,-0.011614401858304313
2020-07-13,4260,4310,4255,4310,299302,0.01292596944770863
2020-07-14,4310,4445,4265,4440,821706,0.030162412993039345
2020-07-15,4455,4630,4420,4480,829430,0.009009009009008917
2020-07-16,4525,4575,4430,4500,587212,0.0044642857142858094
2020-07-17,4470,4530,4465,4495,269907,-0.0011111111111110628
2020-07-20,4510,4525,4435,4480,277227,-0.0033370411568409697
2020-07-21,4500,4660,4470,4635,1101562,0.03459821428571419
2020-07-22,4635,4640,4525,4545,655750,-0.01941747572815533
2020-07-23,4550,4550,4435,4455,462003,-0.01980198019801982
2020-07-24,4435,4495,4390,4450,382250,-0.001122334455667784
2020-07-27,4475,4575,4415,4440,476679,-0.0022471910112359383
2020-07-28,4460,4475,4410,4435,389228,-0.0011261261261261701
2020-07-29,4450,4450,4410,4440,249360,0.0011273957158963732
2020-07-30,4450,4460,4375,4385,471909,-0.012387387387387427
2020-07-31,4400,4420,4345,4345,388908,-0.009122006841505104
2020-08-03,4325,4345,4270,4285,527015,-0.013808975834292303
2020-08-04,4315,4405,4290,4400,417283,0.02683780630105015
2020-08-05,4425,4430,4360,4410,385047,0.002272727272727204
2020-08-06,4425,4565,4405,4490,929418,0.018140589569161092
2020-08-07,4545,4550,4375,4425,573419,-0.014476614699331813
2020-08-10,4415,4465,4350,4440,579074,0.003389830508474523
2020-08-11,4450,4570,4450,4500,817199,0.013513513513513598
2020-08-12,4520,4560,4430,4500,725782,0.0
2020-08-13,4500,4525,4435,4485,1087629,-0.0033333333333332993
2020-08-14,4505,4515,4430,4465,494230,-0.004459308807134854
2020-08-18,4465,4465,4190,4215,1015502,-0.055991041433370636
2020-08-19,4260,4320,4220,4280,355367,0.01542111506524324
2020-08-20,4245,4270,4065,4065,777899,-0.050233644859813076
2020-08-21,4105,4200,4040,4150,569991,0.02091020910209096
2020-08-24,4200,4275,4150,4255,460488,0.025301204819277112
2020-08-25,4300,4405,4285,4405,494051,0.03525264394829608
2020-08-26,4425,4430,4315,4375,392735,-0.006810442678774176
2020-08-27,4375,4395,4290,4300,442966,-0.017142857142857126
2020-08-28,4305,4390,4305,4355,404211,0.012790697674418539
2020-08-31,4365,4420,4320,4345,342358,-0.0022962112514350874
2020-09-01,4345,4400,4295,4330,294205,-0.0034522439585730202
2020-09-02,4360,4395,4330,4370,300015,0.009237875288683695
2020-09-03,4400,4410,4330,4335,377959,-0.008009153318077833
2020-09-04,4185,4275,4140,4255,548409,-0.018454440599769306
2020-09-07,4255,4290,4205,4250,685898,-0.001175088131609825
2020-09-08,4270,5520,4270,5520,44800275,0.2988235294117647
2020-09-09,5440,6890,5120,6290,101754473,0.13949275362318847
2020-09-10,6260,6390,5870,6180,17608024,-0.01748807631160576
2020-09-11,6200,7200,6200,6410,62591686,0.03721682847896446
2020-09-14,6660,6720,6340,6420,6658348,0.0015600624024960652
2020-09-15,6530,6570,6160,6180,5273014,-0.03738317757009346
2020-09-16,6310,7380,6310,6760,60250941,0.09385113268608425
2020-09-17,6760,6780,6500,6520,5658710,-0.035502958579881616
2020-09-18,6900,7750,6800,6860,54569075,0.0521472392638036
2020-09-21,6920,7220,6780,7030,11235718,0.02478134110787167
2020-09-22,6980,6990,6570,6610,5480086,-0.05974395448079661
2020-09-23,6970,7190,6750,6850,14689069,0.036308623298033194
2020-09-24,6550,7030,6550,6870,7564423,0.0029197080291971655
2020-09-25,7080,7130,6550,6590,6031361,-0.040756914119359555
2020-09-28,6790,7100,6630,7100,10834758,0.07738998482549309
2020-09-29,7070,7140,6840,6940,6662360,-0.022535211267605604
2020-10-05,6910,7280,6860,7280,10886612,0.04899135446685876
2020-10-06,7190,7350,7050,7110,6388540,-0.02335164835164838
2020-10-07,7010,7290,6960,7220,5383020,0.015471167369901506
2020-10-08,7230,7330,7060,7280,5670832,0.008310249307479145
2020-10-12,7400,8230,7230,7800,51940316,0.0714285714285714
2020-10-13,7750,7960,7570,7810,9484564,0.0012820512820512775
2020-10-14,7880,8120,7530,7550,13191607,-0.033290653008962834
2020-10-15,7500,7610,7310,7470,5013171,-0.01059602649006619
2020-10-16,7450,7530,6980,7020,5160373,-0.06024096385542166
2020-10-19,7020,7170,6780,6810,3359500,-0.02991452991452992
2020-10-20,6790,7040,6640,6920,3435447,0.01615271659324513
2020-10-21,7030,7130,6930,7040,2192853,0.01734104046242768
2020-10-22,6950,6990,6740,6780,2099538,-0.03693181818181823
2020-10-23,7150,7650,6890,6890,23663568,0.016224188790560534
2020-10-26,6890,6960,6670,6710,2715856,-0.026124818577648812
2020-10-27,6750,6930,6570,6760,3110953,0.007451564828613977
2020-10-28,6720,6920,6720,6860,1773139,0.014792899408283988
2020-10-29,6700,6930,6620,6870,1727876,0.001457725947521915
2020-10-30,6880,6920,6620,6660,1925179,-0.03056768558951961
2020-11-02,6560,6730,6560,6650,1198614,-0.0015015015015015232
2020-11-03,6780,6790,6610,6660,1302145,0.0015037593984963404
2020-11-04,6760,6830,6630,6700,1581117,0.006006006006006093
2020-11-05,6810,7050,6740,6940,3634530,0.035820895522387985
2020-11-06,7020,7040,6800,6800,2152618,-0.02017291066282423
2020-11-09,7050,7330,7040,7180,6814422,0.055882352941176494
2020-11-10,7170,7170,6970,7120,1766686,-0.00835654596100277
2020-11-11,7140,7230,6990,6990,2042593,-0.018258426966292096
2020-11-12,7000,7150,6910,6980,1825078,-0.0014306151645206988
2020-11-13,6920,6960,6750,6950,1664250,-0.004297994269340966
2020-11-16,7100,7110,6900,6950,2363247,0.0
2020-11-17,6950,7000,6840,6890,1333787,-0.008633093525179825
2020-11-18,6870,6990,6840,6920,1025311,0.004354136429608024
2020-11-19,6900,6900,6760,6800,1439862,-0.017341040462427793
2020-11-20,6830,6870,6750,6850,1017971,0.007352941176470562
2020-11-23,6880,6920,6800,6850,1008389,0.0
2020-11-24,6940,7110,6860,7030,3490475,0.026277372262773824
2020-11-25,7070,7150,6780,6840,2444462,-0.027027027027026973
2020-11-26,6810,6890,6780,6820,892952,-0.0029239766081871066
2020-11-27,6830,6950,6820,6910,1017529,0.01319648093841641
2020-11-30,6930,7270,6930,7050,6163323,0.02026049204052094
2020-12-01,7210,7220,6930,7010,2594584,-0.005673758865248235
2020-12-02,7120,7170,7040,7060,2319010,0.007132667617689048
2020-12-03,7090,7390,7030,7360,6024464,0.04249291784702547
2020-12-04,7360,7440,7110,7120,4667420,-0.03260869565217395
2020-12-07,7100,7230,6990,7010,2052830,-0.015449438202247201
2020-12-08,7090,7230,7030,7030,2193437,0.0028530670470756636
2020-12-09,7100,7320,7050,7140,3678813,0.01564722617354186
2020-12-10,7080,7250,7020,7150,2296366,0.0014005602240896309
2020-12-11,7220,7230,7120,7150,1729206,0.0
2020-12-14,7170,7170,7020,7040,1404971,-0.01538461538461533
2020-12-15,7090,7120,7020,7100,1115584,0.008522727272727293
2020-12-16,7160,7190,7060,7080,1146317,-0.0028169014084507005
2020-12-17,7120,7280,7080,7180,3005109,0.01412429378531077
2020-12-18,7210,7650,7200,7310,11918305,0.01810584958217265
2020-12-21,7390,7570,7310,7550,5718496,0.03283173734610134
2020-12-22,7490,7490,7100,7190,3515207,-0.04768211920529797
2020-12-23,7190,7300,7030,7140,2212465,-0.006954102920723182
2020-12-24,7190,7430,7170,7200,2516851,0.008403361344537785
2020-12-28,7290,7310,7160,7230,1497913,0.004166666666666652
2020-12-29,7280,7850,7220,7850,12144618,0.08575380359612716
2020-12-30,7770,7990,7650,7750,7820242,-0.01273885350318471
2021-01-04,7920,9200,7830,8580,48408592,0.10709677419354846
2021-01-05,8580,8780,8340,8660,9238294,0.00932400932400923
2021-01-06,8660,8760,8380,8420,4253373,-0.02771362586605086
2021-01-07,8430,8720,8430,8440,4916780,0.002375296912114022
2021-01-08,8540,8580,8210,8290,3660276,-0.017772511848341277
2021-01-11,8370,8500,7940,8170,4368349,-0.014475271411338975
2021-01-12,8180,8350,8030,8180,2814858,0.001223990208078396
2021-01-13,8250,8570,8200,8320,5200480,0.017114914425427896
2021-01-14,8340,8640,8340,8560,4620707,0.028846153846153744
2021-01-15,8590,8600,8260,8280,2449490,-0.032710280373831724
2021-01-18,8190,8360,7990,8160,2019028,-0.01449275362318836
2021-01-19,8250,8540,8230,8390,3107302,0.02818627450980382
2021-01-20,8480,8510,8310,8500,2141425,0.013110846245530494
2021-01-21,8570,8880,8450,8750,6334505,0.02941176470588225
2021-01-22,8860,8940,8630,8630,4915995,-0.013714285714285679
2021-01-25,8780,9330,8720,9170,18946774,0.06257242178447275
2021-01-26,9050,9120,8780,8820,3879512,-0.03816793893129766
2021-01-27,8820,8910,8550,8550,2796866,-0.030612244897959218
2021-01-28,8260,8620,8240,8280,2605905,-0.03157894736842104
2021-01-29,8100,8190,7600,7740,5186795,-0.06521739130434778
2021-02-01,7640,8000,7540,7940,2213895,0.025839793281653645
2021-02-02,8080,8170,7950,8010,1632743,0.00881612090680095
2021-02-03,8190,8190,7950,8030,1323110,0.0024968789013732895
2021-02-04,8030,8110,7920,8000,1221914,-0.0037359900373599153
2021-02-05,8020,8100,7920,7940,1033896,-0.007499999999999951
2021-02-08,7940,7980,7790,7820,1002328,-0.015113350125944613
2021-02-09,7870,7920,7770,7770,873928,-0.006393861892583175
2021-02-10,7800,7840,7650,7800,859048,0.0038610038610038533
2021-02-15,7830,7860,7500,7850,965935,0.0064102564102563875
2021-02-16,7920,8080,7880,7990,1514158,0.017834394904458595
2021-02-17,8000,8160,7910,8030,1516635,0.005006257822277815
2021-02-18,8010,8130,7910,7910,1105763,-0.01494396014943955
2021-02-19,7950,7990,7710,7860,1106566,-0.006321112515802807
2021-02-22,7800,8590,7770,8010,20114487,0.01908396946564883
2021-02-23,7910,8150,7810,7920,2437269,-0.011235955056179803
2021-02-24,8010,8020,7500,7540,2201923,-0.04797979797979801
2021-02-25,7650,7910,7650,7760,1299362,0.02917771883289122
2021-02-26,7560,7570,7450,7490,1242830,-0.03479381443298968
2021-03-02,7710,7770,7500,7570,958532,0.010680907877169465
2021-03-03,7590,7640,7480,7550,1158309,-0.0026420079260237594
2021-03-04,8500,9340,8000,8000,63836539,0.0596026490066226
2021-03-05,7820,8700,7670,8130,43702182,0.016250000000000098
2021-03-08,8230,8270,7640,7640,7952231,-0.06027060270602702
2021-03-09,7600,7690,7280,7310,4360501,-0.04319371727748689
2021-03-10,7410,7560,7130,7130,3217294,-0.024623803009575895
2021-03-11,7130,7300,7130,7280,1670816,0.02103786816269282
2021-03-12,7350,7470,7310,7370,1600216,0.012362637362637319
2021-03-15,7390,7420,7310,7370,1019576,0.0
2021-03-16,7430,7440,7350,7400,1138331,0.004070556309362372
2021-03-17,7440,7460,7350,7390,848432,-0.0013513513513513375
2021-03-18,7430,7550,7400,7490,1355131,0.013531799729364025
2021-03-19,7370,7490,7310,7440,795852,-0.006675567423230944
2021-03-22,7460,7470,7330,7410,837798,-0.0040322580645161255
2021-03-23,7410,7510,7290,7320,1068412,-0.012145748987854255
2021-03-24,7310,7350,7250,7270,720566,-0.006830601092896127
2021-03-25,7310,7330,7260,7300,723135,0.004126547455295837
2021-03-26,7330,7350,7230,7280,656433,-0.002739726027397249
2021-03-29,7300,7430,7250,7360,1050413,0.01098901098901095
2021-03-30,7400,7410,7330,7350,717785,-0.0013586956521739468
2021-03-31,7350,7470,7340,7350,832411,0.0
2021-04-01,7470,7510,7360,7400,835187,0.006802721088435382
2021-04-02,7420,7480,7390,7450,1010040,0.006756756756756799
2021-04-05,7460,7480,7410,7420,656885,-0.004026845637583931
2021-04-06,7450,7470,7410,7420,670477,0.0
2021-04-07,7470,7470,7420,7420,592450,0.0
2021-04-08,7450,7460,7370,7370,822625,-0.006738544474393482
2021-04-09,7390,7420,7320,7360,649362,-0.0013568521031207537
2021-04-12,7360,7370,7260,7290,876203,-0.009510869565217406
2021-04-13,7300,7360,7270,7350,773064,0.008230452674897082
2021-04-14,7360,7440,7310,7420,1010114,0.00952380952380949
2021-04-15,7490,7740,7450,7500,4646199,0.010781671159029615
2021-04-16,7510,7550,7440,7460,892976,-0.005333333333333301
2021-04-19,7460,7500,7400,7400,871586,-0.008042895442359255
2021-04-20,7390,7600,7380,7490,1587711,0.012162162162162149
2021-04-21,7490,7490,7410,7430,823607,-0.008010680907877155
2021-04-22,7440,7820,7410,7550,4196246,0.016150740242261152
2021-04-23,7580,7620,7440,7590,1664352,0.005298013245033095
2021-04-26,7650,7650,7540,7620,1456334,0.0039525691699604515
2021-04-27,7370,7540,7310,7490,2126116,-0.017060367454068248
2021-04-28,7560,7560,7360,7380,1048336,-0.014686248331108098
2021-04-29,7380,7440,7280,7310,793088,-0.009485094850948506
2021-04-30,7330,7350,7150,7200,1009192,-0.015047879616963078
2021-05-03,7120,7210,6950,7000,1159889,-0.02777777777777779
2021-05-04,7000,7060,6740,6920,1198493,-0.011428571428571455
2021-05-06,6930,6940,6810,6880,883108,-0.005780346820809301
2021-05-07,6920,7030,6880,7030,725059,0.021802325581395277
2021-05-10,7180,7440,7130,7370,2344983,0.04836415362731161
2021-05-11,7340,7430,7240,7380,1110613,0.0013568521031208647
2021-05-12,7400,8360,7280,7560,29528828,0.024390243902439046
2021-05-13,7390,7530,7320,7370,2841048,-0.025132275132275117
2021-05-14,7400,7550,7290,7290,2138089,-0.01085481682496603
2021-05-17,7290,7340,7200,7210,1089225,-0.010973936899862813
2021-05-18,7260,7330,7240,7290,674420,0.01109570041608876
2021-05-20,7210,7570,7210,7520,1851333,0.03155006858710552
2021-05-21,7770,7800,7550,7660,3201818,0.018617021276595702
2021-05-24,7670,7760,7580,7620,1647723,-0.005221932114882533
2021-05-25,7700,8090,7680,7740,5250037,0.015748031496062964
2021-05-26,7740,7970,7670,7890,1856280,0.019379844961240345
2021-05-27,7890,8010,7740,8010,1586243,0.015209125475285079
2021-05-28,8020,8030,7860,7910,1228861,-0.012484394506866447
2021-05-31,7940,8250,7850,8120,3263462,0.026548672566371723
2021-06-01,8080,8170,8060,8150,1247796,0.003694581280788256
2021-06-02,8190,8220,8110,8200,1654200,0.006134969325153339
2021-06-03,8220,8350,8140,8230,1839603,0.003658536585365857
2021-06-04,8230,8440,8180,8380,2322864,0.018226002430133725
2021-06-07,8460,8550,8310,8490,2282744,0.013126491646778149
2021-06-08,8460,8610,8450,8470,1686631,-0.002355712603062443
2021-06-09,8480,8700,8430,8500,1964550,0.0035419126328217754
2021-06-10,8510,8670,8400,8570,1726649,0.008235294117647118
2021-06-11,8640,8740,8500,8550,1472373,-0.002333722287047868
2021-06-14,8580,8910,8500,8750,2151028,0.023391812865497075
2021-06-15,8760,8950,8700,8800,1542083,0.005714285714285783
2021-06-16,8780,8820,8430,8510,2428457,-0.03295454545454546
2021-06-17,8460,8690,8370,8580,1278581,0.008225616921269108
2021-06-18,8540,8720,8540,8710,1101389,0.015151515151515138
2021-06-21,8710,8750,8550,8600,1089885,-0.012629161882893203
2021-06-22,8650,8710,8570,8670,924611,0.008139534883720989
2021-06-23,8790,9030,8430,8500,3591879,-0.019607843137254943
2021-06-24,8500,8520,8240,8510,1582138,0.0011764705882353343
2021-06-25,8520,8620,8440,8440,846991,-0.008225616921269108
2021-06-28,8360,8710,8360,8550,1269455,0.013033175355450233
2021-06-29,8610,8610,8470,8570,690549,0.002339181286549641
2021-06-30,8570,8630,8500,8560,455393,-0.001166861143523934
2021-07-01,8570,8590,8460,8480,697616,-0.009345794392523366
2021-07-02,8490,8630,8480,8550,738964,0.008254716981132004
2021-07-05,8560,8760,8550,8650,1031566,0.011695906432748648
2021-07-06,8640,8740,8420,8430,1545503,-0.02543352601156068
2021-07-07,8430,8510,8350,8390,707351,-0.004744958481613271
2021-07-08,8390,8510,8170,8250,1482233,-0.016686531585220488
2021-07-09,8110,8190,8000,8120,1438121,-0.015757575757575748
2021-07-12,8120,8200,8040,8090,931686,-0.003694581280788145
2021-07-13,8130,8170,8080,8110,641830,0.0024721878862794533
2021-07-14,8120,8150,8010,8080,606921,-0.0036991368680641123
2021-07-15,8060,8070,7990,8050,1086175,-0.003712871287128716
2021-07-16,8030,8030,7940,7960,866059,-0.011180124223602483
2021-07-19,7960,8190,7890,8040,1023613,0.01005025125628145
2021-07-20,7970,8180,7970,8070,1130305,0.003731343283582156
2021-07-21,8090,8160,8000,8010,659682,-0.0074349442379182396
2021-07-22,8020,8050,7970,8010,543627,0.0
2021-07-23,7930,8090,7900,8050,849119,0.004993757802746579
2021-07-26,8060,8060,7900,7920,966197,-0.016149068322981353
2021-07-27,7910,8070,7910,7990,562039,0.008838383838383868
2021-07-28,7980,8000,7850,7920,697286,-0.008760951188986232
2021-07-29,8130,8140,7960,8000,678572,0.010101010101010166
2021-07-30,8010,8020,7920,7930,545065,-0.008750000000000036
2021-08-02,7970,7990,7860,7970,483786,0.0050441361916770955
2021-08-03,8010,8030,7890,7940,562151,-0.0037641154328732496
2021-08-04,7950,8080,7910,8080,579592,0.017632241813602123
2021-08-05,8100,8160,8060,8130,547544,0.006188118811881083
2021-08-06,8110,8200,8100,8150,583400,0.002460024600245969
2021-08-09,8150,8150,8020,8050,546242,-0.012269938650306789
2021-08-10,8030,8050,7880,7900,688726,-0.018633540372670843
2021-08-11,7850,7930,7710,7730,941008,-0.021518987341772156
2021-08-12,7700,7750,7620,7620,643561,-0.014230271668822736
2021-08-13,7630,7650,7320,7540,708071,-0.01049868766404205
2021-08-17,7450,7490,7250,7330,754425,-0.02785145888594165
2021-08-18,7320,7410,7220,7350,531122,0.0027285129604366354
2021-08-19,7260,7300,6990,6990,1063910,-0.048979591836734726
2021-08-20,7000,7190,6800,6810,1036004,-0.025751072961373356
2021-08-23,6820,7080,6820,7020,455642,0.03083700440528636
2021-08-24,7070,7290,7060,7180,514367,0.02279202279202286
2021-08-25,7180,7300,7140,7200,334495,0.0027855153203342198
2021-08-26,7200,7370,7140,7200,534188,0.0
2021-08-27,7220,7290,7150,7240,497621,0.005555555555555536
2021-08-30,7300,7320,7210,7280,429480,0.005524861878453136
2021-08-31,7320,7440,7240,7330,745132,0.006868131868131844
2021-09-01,7380,7400,7270,7350,420985,0.0027285129604366354
2021-09-02,7350,7360,7240,7280,302011,-0.00952380952380949
2021-09-03,7300,7380,7260,7270,368570,-0.0013736263736263687
2021-09-06,7310,7440,7280,7370,416273,0.01375515818431916
2021-09-07,7390,7390,7260,7300,313048,-0.009497964721845276
2021-09-08,7280,7300,7160,7180,428381,-0.016438356164383605
2021-09-09,7200,7200,7010,7080,448744,-0.013927576601671321
2021-09-10,7080,7140,7000,7080,354594,0.0
2021-09-13,7050,7100,7000,7010,338252,-0.009887005649717562
2021-09-14,7020,7120,7010,7080,260321,0.009985734664764712
2021-09-15,7070,7110,7020,7080,229027,0.0
2021-09-16,7120,7150,7010,7020,320822,-0.008474576271186418
2021-09-17,7000,7070,6950,7020,318508,0.0
2021-09-23,7000,7080,6930,6990,359836,-0.004273504273504258
2021-09-24,6960,7090,6930,6960,326296,-0.0042918454935622075
2021-09-27,6910,7010,6900,6940,321479,-0.002873563218390829
2021-09-28,6950,6970,6780,6800,600505,-0.02017291066282423
2021-09-29,6660,6710,6600,6680,515415,-0.01764705882352946
2021-09-30,6650,6780,6620,6720,363590,0.0059880239520957446
2021-10-01,6720,6730,6530,6540,540520,-0.0267857142857143
2021-10-05,6470,6530,6220,6430,599892,-0.016819571865443472
2021-10-06,6410,6550,6270,6270,493007,-0.02488335925349927
2021-10-07,6250,6550,6250,6460,434246,0.030303030303030276
2021-10-08,6510,6550,6370,6410,287447,-0.007739938080495334
2021-10-12,6510,6510,6280,6300,333328,-0.01716068642745705
2021-10-13,6250,6480,6250,6450,321018,0.023809523809523725
2021-10-14,6460,6620,6460,6530,314986,0.01240310077519391
2021-10-15,6620,6650,6510,6650,292300,0.018376722817764257
2021-10-18,6660,6700,6530,6660,271071,0.0015037593984963404
2021-10-19,6640,6820,6640,6720,357249,0.009009009009008917
2021-10-20,6740,6770,6650,6670,242536,-0.007440476190476164
2021-10-21,6650,6750,6620,6640,182528,-0.004497751124437732
2021-10-22,6590,6740,6590,6700,263888,0.009036144578313143
2021-10-25,6750,6750,6610,6680,207212,-0.0029850746268657025
2021-10-26,6630,6780,6630,6780,267839,0.014970059880239583
2021-10-27,6780,6800,6710,6780,279245,0.0
2021-10-28,6800,6800,6690,6690,247265,-0.013274336283185861
2021-10-29,6690,6700,6630,6690,201735,0.0
2021-11-01,6690,6750,6620,6650,211958,-0.005979073243647215
2021-11-02,6650,6850,6650,6790,355954,0.021052631578947434
2021-11-03,6790,6800,6720,6780,217413,-0.0014727540500736325
2021-11-04,6820,6900,6780,6830,341538,0.007374631268436627
2021-11-05,6790,6820,6620,6650,256663,-0.026354319180087793
2021-11-08,6650,6650,6490,6590,274602,-0.009022556390977488
2021-11-09,6580,6670,6530,6550,193098,-0.006069802731411222
2021-11-10,6610,6800,6540,6550,398621,0.0
2021-11-11,6460,6550,6410,6410,257645,-0.021374045801526687
2021-11-12,6420,6520,6380,6430,237814,0.0031201248049921304
2021-11-15,6500,6620,6430,6570,226166,0.021772939346811793
2021-11-16,6570,6640,6480,6540,190393,-0.004566210045662156
2021-11-17,6540,6540,6350,6370,271785,-0.025993883792048922
2021-11-18,6390,6410,6250,6290,293010,-0.012558869701726816
2021-11-19,6290,6420,6250,6400,296485,0.01748807631160565
2021-11-22,6400,6460,6300,6460,274371,0.009374999999999911
2021-11-23,6460,6660,6430,6500,385683,0.006191950464396356
2021-11-24,6490,6520,6370,6440,240572,-0.009230769230769265
2021-11-25,6400,6470,6310,6350,266033,-0.013975155279503104
2021-11-26,6330,6400,6180,6220,364880,-0.020472440944881876
2021-11-29,5950,6120,5940,6070,411623,-0.024115755627009627
2021-11-30,6070,6210,5680,5720,722350,-0.05766062602965405
2021-12-01,5630,5960,5630,5930,513137,0.036713286713286664
2021-12-02,5850,6060,5850,6060,272122,0.021922428330522825
2021-12-03,6080,6240,6020,6220,419733,0.0264026402640265
2021-12-06,6230,6300,6110,6290,262706,0.0112540192926045
2021-12-07,6320,6400,6250,6390,262177,0.015898251192368873
2021-12-08,6390,6460,6300,6330,334732,-0.009389671361502372
2021-12-09,6300,6460,6290,6440,290739,0.017377567140600236
2021-12-10,6430,6430,6320,6330,195977,-0.017080745341614856
2021-12-13,6350,6470,6340,6370,207454,0.006319115323854652
2021-12-14,6380,6430,6290,6350,186895,-0.0031397174254317317
2021-12-15,6350,6400,6260,6270,156070,-0.012598425196850394
2021-12-16,6340,6590,6270,6330,577063,0.009569377990430672
2021-12-17,6290,6380,6250,6330,269957,0.0
2021-12-20,6330,6350,6190,6210,239119,-0.018957345971563955
2021-12-21,6210,6310,6200,6290,201293,0.012882447665056418
2021-12-22,6300,6370,6260,6280,162044,-0.0015898251192368873
2021-12-23,6340,6440,6290,6350,265392,0.011146496815286566
2021-12-24,6380,6450,6350,6410,189905,0.009448818897637823
2021-12-27,6410,6590,6400,6590,437771,0.02808112324492984
2021-12-28,6660,6720,6580,6700,590627,0.01669195751138086
2021-12-29,6710,6720,6500,6510,470922,-0.028358208955223896
2021-12-30,6510,6680,6450,6560,343068,0.007680491551459223
2022-01-03,6590,6760,6580,6690,809849,0.01981707317073167
2022-01-04,6690,6800,6640,6730,525786,0.005979073243647326
2022-01-05,6710,6710,6540,6590,334987,-0.0208023774145617
2022-01-06,6520,6610,6470,6530,357533,-0.009104704097116834
2022-01-07,6540,6560,6450,6540,255698,0.0015313935681469104
2022-01-10,6540,6550,6320,6340,526176,-0.030581039755351647
2022-01-11,6330,6440,6310,6350,261673,0.001577287066246047
2022-01-12,6350,6460,6340,6450,236631,0.015748031496062964
2022-01-13,6500,6500,6370,6370,225304,-0.012403100775193798
2022-01-14,6340,6410,6260,6290,250278,-0.012558869701726816
2022-01-17,6310,6330,6160,6200,264204,-0.014308426073131986
2022-01-18,6200,6280,6080,6120,357771,-0.012903225806451646
2022-01-19,6090,6150,6010,6040,278018,-0.013071895424836555
2022-01-20,6010,6250,6010,6240,260565,0.0331125827814569
2022-01-21,6130,6310,6090,6180,397594,-0.009615384615384581
2022-01-24,6070,6200,6060,6090,264622,-0.014563106796116498
2022-01-25,6100,6190,5880,5900,475789,-0.031198686371100126
2022-01-26,5860,5980,5760,5900,451037,0.0
2022-01-27,5900,5940,5600,5740,930465,-0.027118644067796627
2022-01-28,5700,5910,5650,5890,498748,0.026132404181184565
2022-02-03,6000,6030,5900,5950,349581,0.01018675721561979
2022-02-04,5870,6060,5870,6060,300820,0.018487394957983128
2022-02-07,6070,6070,5920,5940,252789,-0.01980198019801982
2022-02-08,5950,6000,5790,5850,296249,-0.015151515151515138
2022-02-09,5900,5950,5850,5950,200662,0.017094017094017033
2022-02-10,6010,6020,5870,5870,300084,-0.013445378151260456
2022-02-11,5870,5910,5770,5800,282948,-0.011925042589437829
2022-02-14,5730,5750,5510,5630,360658,-0.02931034482758621
2022-02-15,5630,5870,5630,5730,335407,0.017761989342806483
2022-02-16,5790,5880,5760,5880,238071,0.02617801047120416
2022-02-17,5880,5940,5570,5800,269707,-0.013605442176870763
2022-02-18,5780,5870,5670,5810,196300,0.0017241379310344307
2022-02-21,5740,5800,5660,5760,130530,-0.008605851979345935
2022-02-22,5600,5710,5600,5640,195633,-0.02083333333333337
2022-02-23,5650,5700,5620,5670,162064,0.005319148936170137
2022-02-24,5640,5650,5470,5480,413940,-0.0335097001763669
2022-02-25,5570,5740,5540,5730,279911,0.04562043795620441
2022-02-28,5750,5770,5640,5750,179748,0.003490401396160525
2022-03-02,5730,5830,5710,5760,185501,0.0017391304347826875
2022-03-03,5760,5950,5740,5950,231695,0.03298611111111116
2022-03-04,5950,5980,5850,5900,206103,-0.008403361344537785
2022-03-07,5850,5860,5690,5700,243528,-0.03389830508474578
2022-03-08,5700,5710,5580,5670,182180,-0.0052631578947368585
2022-03-10,5750,5980,5750,5840,398629,0.029982363315696592
2022-03-11,5810,5940,5780,5910,173974,0.011986301369863117
2022-03-14,5910,6030,5810,5830,261023,-0.013536379018612488
2022-03-15,5790,5890,5790,5860,150335,0.005145797598627766
2022-03-16,5910,6000,5690,6000,302035,0.023890784982935065
2022-03-17,6070,6090,6000,6080,238084,0.01333333333333342
2022-03-18,6070,6100,5990,6040,249545,-0.006578947368421018
2022-03-21,6090,6220,6070,6120,451447,0.013245033112582849
2022-03-22,6120,6190,6050,6150,266084,0.004901960784313708
2022-03-23,6180,6220,6110,6180,242873,0.004878048780487809
2022-03-24,6190,6220,6100,6180,176324,0.0
2022-03-25,6170,6240,6120,6190,232479,0.0016181229773462036
2022-03-28,6210,6210,6100,6110,202022,-0.012924071082390909
2022-03-29,6150,6210,6130,6200,162245,0.014729950900163713
2022-03-30,6210,6220,6170,6200,107443,0.0
2022-03-31,6190,6210,6160,6200,129219,0.0
2022-04-01,6180,6190,6120,6150,146111,-0.008064516129032251
2022-04-04,6110,6200,6070,6160,134608,0.001626016260162677
2022-04-05,6180,6210,6130,6200,201913,0.006493506493506551
2022-04-06,6150,6170,6090,6090,201248,-0.01774193548387093
2022-04-07,6040,6080,5920,5990,252668,-0.016420361247947435
2022-04-08,6060,6060,5880,6020,158757,0.005008347245408995
2022-04-11,5950,5990,5900,5910,145737,-0.01827242524916939
2022-04-12,5850,5920,5830,5920,138618,0.0016920473773265332
2022-04-13,5910,6000,5900,6000,158746,0.013513513513513598
2022-04-14,6000,6070,5960,6050,146066,0.008333333333333304
2022-04-15,6010,6010,5920,6000,156320,-0.008264462809917328
2022-04-18,5970,6040,5930,6000,116485,0.0
2022-04-19,6060,6090,5920,6090,247361,0.014999999999999902
2022-04-20,6070,6140,6040,6120,178567,0.0049261083743843415
2022-04-21,6120,6170,6100,6110,146944,-0.0016339869281045694
2022-04-22,6090,6160,6040,6120,207323,0.0016366612111293755
2022-04-25,6000,6140,5960,6010,270845,-0.017973856209150374
2022-04-26,6020,6120,6020,6070,203604,0.009983361064891838
2022-04-27,5970,6070,5960,6010,142809,-0.009884678747940745
2022-04-28,6030,6110,6000,6090,178352,0.01331114808652245
2022-04-29,6060,6210,6060,6190,424152,0.016420361247947435
2022-05-02,6140,6190,6050,6170,259554,-0.003231017770597755
2022-05-03,6160,6310,6150,6240,437004,0.011345218800648205
2022-05-04,6260,6280,6160,6170,208122,-0.011217948717948678
2022-05-06,6090,6150,6060,6080,194706,-0.014586709886547866
2022-05-09,6050,6110,5980,6070,205278,-0.00164473684210531
2022-05-10,5980,6020,5930,5970,309411,-0.016474464579901205
2022-05-11,5970,6060,5930,6040,200878,0.011725293132328396
2022-05-12,5990,5990,5750,5790,306275,-0.04139072847682124
2022-05-13,5850,5990,5810,5950,253048,0.02763385146804831
2022-05-16,5980,6100,5930,5980,231552,0.005042016806722671
2022-05-17,5970,6050,5900,5970,171626,-0.0016722408026755842
2022-05-18,5980,6050,5960,5980,160007,0.0016750418760469454
2022-05-19,5890,5920,5830,5910,252483,-0.01170568561872909
2022-05-20,5940,6240,5930,6240,727469,0.055837563451776706
2022-05-23,6250,6380,6210,6280,559960,0.0064102564102563875
2022-05-24,6380,6380,6120,6140,435390,-0.022292993630573243
2022-05-25,6170,6260,6100,6210,522331,0.01140065146579805
2022-05-26,6450,6570,6090,6100,3520424,-0.017713365539452464
2022-05-27,6200,6200,6040,6070,457653,-0.004918032786885296
2022-05-30,6140,6200,6110,6150,328125,0.01317957166392092
2022-05-31,6150,6220,6120,6210,269855,0.009756097560975618
2022-06-02,6220,6230,6170,6200,189805,-0.0016103059581320522
2022-06-03,6220,6290,6200,6240,281964,0.006451612903225712
2022-06-07,6240,6240,6090,6090,239298,-0.024038461538461564
2022-06-08,6090,6190,6090,6140,205270,0.008210180623973828
2022-06-09,6140,6150,6030,6150,308850,0.0016286644951140072
2022-06-10,6100,6360,6070,6260,589679,0.01788617886178856
2022-06-13,6200,6220,5930,5930,517312,-0.05271565495207664
2022-06-14,5800,5960,5750,5880,470545,-0.00843170320404718
2022-06-15,5800,5930,5630,5630,392188,-0.04251700680272108
2022-06-16,5750,5870,5700,5740,310641,0.019538188277087087
2022-06-17,5570,5710,5560,5660,594637,-0.013937282229965153
2022-06-20,5660,5700,5380,5480,455710,-0.03180212014134276
2022-06-21,5440,5720,5440,5620,414799,0.025547445255474477
2022-06-22,5680,5680,5300,5310,337516,-0.05516014234875444
2022-06-23,5300,5390,5020,5060,518479,-0.04708097928436916
2022-06-24,5060,5730,5060,5310,575400,0.049407114624505866
2022-06-27,5360,5480,5260,5450,276744,0.026365348399246757
2022-06-28,5420,5490,5340,5430,181673,-0.003669724770642202
2022-06-29,5380,5400,5250,5290,231353,-0.025782688766114226
2022-06-30,5300,5310,5200,5240,231871,-0.009451795841209809
2022-07-01,5250,5300,5100,5120,251132,-0.022900763358778664
2022-07-04,5130,5160,4935,4995,297076,-0.0244140625
2022-07-05,5000,5250,5000,5230,252851,0.047047047047046986
2022-07-06,5230,5320,5160,5200,313583,-0.005736137667303964
2022-07-07,5260,5270,5170,5220,128347,0.0038461538461538325
2022-07-08,5260,5330,5230,5260,205068,0.00766283524904221
2022-07-11,5260,5280,5130,5160,136220,-0.019011406844106515
2022-07-12,5070,5150,5000,5000,203481,-0.03100775193798455
2022-07-13,5000,6160,4975,5310,6962508,0.062000000000000055
2022-07-14,5220,5380,5210,5380,570103,0.013182674199623268
2022-07-15,5390,5390,5130,5210,546061,-0.03159851301115246
2022-07-18,5270,5390,5270,5390,422269,0.03454894433781197
2022-07-19,5350,5560,5330,5490,541567,0.01855287569573294
2022-07-20,5570,5630,5440,5500,359340,0.0018214936247722413
2022-07-21,5520,5570,5470,5480,280307,-0.0036363636363636598
2022-07-22,5540,5600,5490,5530,276518,0.009124087591240837
2022-07-25,5520,5600,5500,5540,224903,0.001808318264014508
2022-07-26,5570,5600,5500,5600,223572,0.010830324909747224
2022-07-27,5600,5650,5540,5640,190734,0.0071428571428571175
2022-07-28,5680,5940,5660,5860,1089562,0.03900709219858145
2022-07-29,5910,5930,5810,5820,290742,-0.0068259385665528916
2022-08-01,5820,5900,5750,5850,338918,0.005154639175257714
2022-08-02,6070,6110,5750,5750,1116768,-0.017094017094017144
2022-08-03,5750,5930,5750,5800,390361,0.008695652173912993
2022-08-04,5810,5890,5790,5840,211443,0.006896551724137945
2022-08-05,5810,5920,5810,5880,168399,0.006849315068493178
2022-08-08,5880,6030,5860,6000,466453,0.020408163265306145
2022-08-09,6000,6190,5940,6110,706550,0.018333333333333313
2022-08-10,6030,6080,5990,6030,239238,-0.013093289689034338
2022-08-11,6070,6160,6040,6150,426248,0.01990049751243772
2022-08-12,6150,6190,6110,6180,331847,0.004878048780487809
2022-08-16,6210,6240,6100,6150,287073,-0.004854368932038833
2022-08-17,6120,6150,6010,6050,245148,-0.016260162601625994
2022-08-18,6010,6070,5900,6050,195826,0.0
2022-08-19,6060,6080,5950,5950,205248,-0.016528925619834656
2022-08-22,5940,5950,5790,5840,189842,-0.01848739495798324
2022-08-23,5780,5900,5770,5810,200833,-0.005136986301369828
2022-08-24,5850,6190,5800,6190,742750,0.06540447504302915
2022-08-25,6210,6370,6190,6300,656567,0.017770597738287597
2022-08-26,6350,6350,6160,6180,362350,-0.01904761904761909
2022-08-29,6060,6500,6030,6470,1576073,0.046925566343042124
2022-08-30,6490,6660,6410,6640,1518376,0.026275115919629055
2022-08-31,6600,6730,6530,6640,1072694,0.0
2022-09-01,6610,6690,6450,6490,626194,-0.02259036144578308
2022-09-02,6460,6550,6340,6400,491565,-0.013867488443759624
2022-09-05,6410,6490,6340,6390,339204,-0.0015625000000000222
2022-09-06,6370,6500,6300,6410,296054,0.003129890453834161
2022-09-07,6340,6390,6120,6240,541461,-0.026521060842433664
2022-09-08,6300,6520,6300,6430,691171,0.03044871794871784
2022-09-13,6510,6600,6460,6550,474956,0.018662519440124425
2022-09-14,6320,6660,6270,6550,585454,0.0
2022-09-15,6610,6650,6370,6400,378215,-0.022900763358778664
2022-09-16,6310,6430,6250,6330,260796,-0.010937500000000044
2022-09-19,6290,6330,6110,6180,320735,-0.023696682464455
2022-09-20,6200,6380,6200,6380,273341,0.032362459546925626
2022-09-21,6350,6440,6270,6400,284694,0.0031347962382444194
2022-09-22,6300,6500,6190,6470,483426,0.010937500000000044
2022-09-23,6470,6600,6410,6520,783106,0.007727975270479082
2022-09-26,6440,6590,6250,6300,942814,-0.033742331288343586
2022-09-27,6300,6700,6280,6630,1417518,0.05238095238095242
2022-09-28,6600,6700,6360,6450,1104126,-0.02714932126696834
2022-09-29,6500,6560,6180,6190,967418,-0.04031007751937987
2022-09-30,6110,6220,5960,6040,612426,-0.024232633279482996
2022-10-04,6080,6200,6010,6200,470202,0.026490066225165476
2022-10-05,6290,6300,5810,5890,681095,-0.050000000000000044
2022-10-06,5930,6000,5860,5870,521975,-0.00339558573853993
2022-10-07,5820,5840,5560,5570,741698,-0.05110732538330498
2022-10-11,5460,5490,5160,5360,712972,-0.037701974865350096
2022-10-12,5290,5380,5250,5280,311139,-0.014925373134328401
2022-10-13,5230,5380,5100,5370,611277,0.017045454545454586
2022-10-14,5450,5550,5350,5470,463390,0.01862197392923659
2022-10-17,5330,5480,5290,5430,283015,-0.007312614259597838
2022-10-18,5500,5650,5440,5640,364523,0.03867403314917128
2022-10-19,5580,5710,5530,5530,345120,-0.019503546099290725
2022-10-20,5540,5740,5510,5740,519942,0.03797468354430378
2022-10-21,5740,5740,5570,5640,295023,-0.017421602787456414
2022-10-24,5790,5790,5640,5700,367038,0.010638297872340496
2022-10-25,5670,5700,5490,5530,245739,-0.029824561403508754
2022-10-26,5540,5610,5410,5560,208665,0.005424954792043302
2022-10-27,5580,5750,5580,5710,181367,0.026978417266187105
2022-10-28,5660,5830,5630,5710,262702,0.0
2022-10-31,5760,5800,5680,5730,139003,0.003502626970227629
2022-11-01,5750,5940,5690,5860,343392,0.022687609075043635
2022-11-02,5870,5920,5760,5800,273460,-0.010238907849829393
2022-11-03,5790,5940,5690,5900,266052,0.01724137931034475
2022-11-04,5840,6380,5830,6220,1630208,0.05423728813559325
2022-11-07,6170,6340,6160,6250,420764,0.004823151125401992
2022-11-08,6270,6310,6160,6300,325096,0.008000000000000007
2022-11-09,6290,6440,6260,6290,408250,-0.0015873015873015817
2022-11-10,6290,6330,6170,6250,285076,-0.006359300476947549
2022-11-11,6400,6500,6310,6390,415687,0.022399999999999975
2022-11-14,6430,6450,6360,6380,289013,-0.0015649452269170805
2022-11-15,6380,6530,6350,6460,470184,0.012539184952978122
2022-11-16,6470,6530,6400,6490,246568,0.004643962848297267
2022-11-17,6480,6550,6420,6490,282521,0.0
2022-11-18,6490,6680,6460,6460,707399,-0.0046224961479198745
2022-11-21,6490,6530,6340,6380,368338,-0.012383900928792602
2022-11-22,6340,6420,6300,6320,245681,-0.009404388714733591
2022-11-23,6380,6500,6330,6470,288787,0.023734177215189778
2022-11-24,6500,6570,6440,6470,220101,0.0
2022-11-25,6480,6480,6370,6380,142158,-0.01391035548686248
2022-11-28,6380,6410,6140,6140,512332,-0.037617554858934144
2022-11-29,6150,6400,6050,6390,325881,0.04071661237785018
2022-11-30,6400,7630,6320,7020,16511619,0.09859154929577474
2022-12-01,7050,7260,6960,7060,5346646,0.005698005698005604
2022-12-02,7090,7110,6810,6810,2301864,-0.03541076487252126
2022-12-05,6910,7140,6830,6850,2301973,0.005873715124816492
2022-12-06,6790,6870,6670,6670,742781,-0.026277372262773713
2022-12-07,6650,6840,6640,6750,784760,0.011994002998500841
2022-12-08,6800,6880,6710,6840,855794,0.01333333333333342
2022-12-09,6860,6880,6610,6650,855959,-0.02777777777777779
2022-12-12,6610,6720,6460,6600,461005,-0.007518796992481258
2022-12-13,6610,6820,6590,6680,527355,0.0121212121212122
2022-12-14,6740,6800,6680,6780,355119,0.014970059880239583
2022-12-15,6870,6880,6520,6530,624791,-0.03687315634218291
2022-12-16,6410,6490,6300,6300,639733,-0.03522205206738127
2022-12-19,6300,6400,6280,6340,247503,0.006349206349206327
2022-12-20,6310,6450,6260,6360,327920,0.003154574132492094
2022-12-21,6470,6570,6330,6390,606536,0.004716981132075526
2022-12-22,6480,6540,6430,6500,386465,0.017214397496087663
2022-12-23,6400,6600,6330,6500,504291,0.0
2022-12-26,6490,6510,6290,6410,537767,-0.013846153846153841
2022-12-27,6440,6650,6440,6620,580670,0.032761310452418035
2022-12-28,6590,6630,6430,6490,417301,-0.01963746223564955
2022-12-29,6410,6500,6200,6250,438358,-0.036979969183358996
2023-01-02,6270,6360,6070,6100,345315,-0.02400000000000002
2023-01-03,6100,6200,6040,6130,344867,0.004918032786885185
2023-01-04,6090,6130,5900,6130,395767,0.0
2023-01-05,6190,6190,5880,5900,600039,-0.037520391517128826
2023-01-06,5900,6030,5820,6000,364329,0.016949152542372836
2023-01-09,6050,6250,6030,6240,377206,0.040000000000000036
2023-01-10,6210,6400,6180,6270,392905,0.004807692307692291
2023-01-11,6360,6480,6360,6440,393464,0.027113237639553533
2023-01-12,6490,6490,6340,6370,363539,-0.010869565217391353
2023-01-13,6380,6460,6310,6410,271608,0.006279434850863463
2023-01-16,6450,6520,6410,6420,251264,0.0015600624024960652
2023-01-17,6420,6490,6350,6380,260556,-0.006230529595015577
2023-01-18,6380,6580,6360,6530,476207,0.023510971786833812
2023-01-19,6530,6530,6380,6490,279675,-0.006125574272588086
2023-01-20,6490,6620,6480,6570,332251,0.012326656394453073
2023-01-25,6630,6690,6570,6650,344297,0.0121765601217656
2023-01-26,6650,6710,6600,6700,401304,0.007518796992481258
2023-01-27,6700,6740,6520,6590,529646,-0.016417910447761197
2023-01-30,6630,6790,6620,6680,1141869,0.01365705614567525
2023-01-31,7330,7330,6760,6780,8287867,0.014970059880239583
2023-02-01,6810,6920,6700,6710,1375234,-0.010324483775811188
2023-02-02,6760,6780,6610,6620,961479,-0.01341281669150518
2023-02-03,6600,6770,6570,6740,834012,0.01812688821752273
2023-02-06,6680,6740,6580,6580,551384,-0.023738872403560873
2023-02-07,6590,6630,6510,6560,396822,-0.003039513677811523
2023-02-08,6610,6710,6600,6620,529209,0.009146341463414531
2023-02-09,6630,6720,6550,6720,549561,0.015105740181268867
2023-02-10,6670,6680,6420,6490,681671,-0.034226190476190466
2023-02-13,6480,6540,6340,6460,369401,-0.0046224961479198745
2023-02-14,6470,6550,6460,6480,272050,0.003095975232198178
2023-02-15,6480,6560,6300,6390,496969,-0.01388888888888884
2023-02-16,6480,6600,6460,6540,428631,0.023474178403755763
2023-02-17,6570,6850,6540,6750,1507000,0.032110091743119185
2023-02-20,6950,7150,6780,7140,2738242,0.057777777777777706
2023-02-21,7140,7200,7000,7100,1198767,-0.0056022408963585235
2023-02-22,7000,7140,6940,7050,1031778,-0.007042253521126751
2023-02-23,7030,7110,6940,6960,655209,-0.012765957446808529
2023-02-24,6960,7030,6810,6880,702091,-0.011494252873563204
2023-02-27,6860,6900,6680,6790,497206,-0.013081395348837233
2023-02-28,6800,6960,6790,6830,517267,0.00589101620029453
2023-03-02,6890,6930,6770,6800,553508,-0.004392386530014614
2023-03-03,6900,7050,6800,6860,947098,0.008823529411764675
2023-03-06,6890,7100,6820,7040,1703234,0.026239067055393583
2023-03-07,7060,7270,7010,7010,2413590,-0.0042613636363636465
2023-03-08,6920,7140,6900,7140,1065750,0.01854493580599148
2023-03-09,7170,7170,6890,6990,1237950,-0.021008403361344574
2023-03-10,6840,6900,6660,6700,1028350,-0.0414878397711016
2023-03-13,6640,6690,6390,6570,917851,-0.0194029850746269
2023-03-14,6550,6550,6140,6150,1169847,-0.0639269406392694
2023-03-15,6270,6330,6110,6160,683170,0.001626016260162677
2023-03-16,6100,6350,6030,6220,1091547,0.009740259740259827
2023-03-17,6350,6650,6340,6540,1386633,0.05144694533762051
2023-03-20,6570,6630,6450,6530,613378,-0.001529051987767538
2023-03-21,6550,6850,6550,6600,992888,0.010719754977029039
2023-03-22,6680,6760,6500,6530,659093,-0.010606060606060619
2023-03-23,6530,6590,6410,6540,787715,0.0015313935681469104
2023-03-24,6560,6720,6500,6670,660687,0.01987767584097866
2023-03-27,6640,7080,6640,6830,2394671,0.02398800599700146
2023-03-28,6870,8750,6820,8640,58664395,0.2650073206442167
2023-03-29,8340,9250,8210,8700,42951599,0.00694444444444442
2023-03-30,8860,9070,8610,8880,16109559,0.020689655172413834
2023-03-31,9030,10670,8820,9500,57607036,0.06981981981981988
2023-04-03,9950,10570,9710,9890,23071761,0.04105263157894745
2023-04-04,9600,9840,9600,9600,3073266,-0.029322548028311468
2023-04-05,9500,9870,9320,9860,2853538,0.027083333333333348
2023-04-06,9860,10150,9780,10020,3255030,0.016227180527383478
2023-04-07,10770,11180,10070,10340,26106526,0.031936127744510934
2023-04-10,10380,11540,10160,10770,29187797,0.04158607350096721
2023-04-11,10970,11100,10300,10630,8565000,-0.01299907149489321
2023-04-12,10690,10910,10070,10210,7693641,-0.03951081843838189
2023-04-13,10100,11950,9920,11660,54190558,0.14201762977473065
2023-04-14,11980,12450,11570,12000,31305907,0.029159519725557415
2023-04-17,12500,15600,12470,15600,73756319,0.30000000000000004
2023-04-18,16620,19420,16270,16940,74917498,0.08589743589743581
2023-04-19,17500,18750,16450,16600,34917019,-0.02007083825265643
2023-04-20,16220,17750,16050,16790,25241209,0.011445783132530085
2023-04-21,16670,17290,15070,15140,16840657,-0.09827278141751039
2023-04-24,14930,15440,14690,15010,8527180,-0.008586525759577301
2023-04-25,14940,14970,13790,14400,11747077,-0.0406395736175883
2023-04-26,14960,15540,13250,13570,23635197,-0.057638888888888906
2023-04-27,13400,14350,13100,14180,12401312,0.044952100221075986
2023-04-28,14440,14600,13100,13240,7515857,-0.06629055007052187
2023-05-02,13100,14190,13100,14030,10123066,0.059667673716012004
2023-05-03,14160,14250,13420,13500,6035553,-0.037776193870277974
2023-05-04,13620,13690,13070,13190,3491570,-0.022962962962962963
2023-05-08,13390,13430,12780,12820,3780620,-0.028051554207733087
2023-05-09,12760,12770,12300,12420,3794140,-0.03120124804992197
2023-05-10,12420,12550,12180,12200,2995759,-0.017713365539452464
2023-05-11,12430,12940,11910,12020,6001842,-0.014754098360655776
2023-05-12,11870,12110,11720,11720,2871473,-0.024958402662229595
2023-05-15,11750,11910,11440,11850,2958492,0.011092150170648463
2023-05-16,11950,11960,11480,11560,2460925,-0.024472573839662393
2023-05-17,11500,11860,11380,11700,2691549,0.01211072664359869
2023-05-18,11780,11850,11540,11700,2489816,0.0
2023-05-19,11750,11770,11390,11530,2052541,-0.014529914529914478
2023-05-22,11500,11810,11340,11740,1798927,0.018213356461405095
2023-05-23,11900,12430,11840,12060,5516979,0.027257240204429323
2023-05-24,11960,12540,11850,12130,5737145,0.005804311774461057
2023-05-25,12040,12070,11520,11680,2603920,-0.03709810387469081
2023-05-26,11630,11820,11360,11400,1745396,-0.023972602739726012
2023-05-30,11550,11800,11460,11640,1702126,0.021052631578947434
2023-05-31,11760,11770,11390,11470,1715548,-0.014604810996563522
2023-06-01,11500,11500,11270,11330,1304596,-0.012205754141238034
2023-06-02,11380,11610,11350,11390,1935414,0.005295675198587757
2023-06-05,11500,12070,11450,11850,4180445,0.04038630377524144
2023-06-07,11960,12850,11780,12710,8862923,0.07257383966244735
2023-06-08,12580,12750,12230,12500,4851676,-0.016522423288748977
2023-06-09,12620,12620,12170,12250,2986095,-0.020000000000000018
2023-06-12,12400,13190,12360,13000,11310863,0.061224489795918435
2023-06-13,12870,12890,12630,12700,3432993,-0.023076923076923106
2023-06-14,12750,13160,12210,12330,6097583,-0.029133858267716528
2023-06-15,12480,12680,12120,12430,2788041,0.008110300081102917
2023-06-16,12710,13290,12680,13130,11426990,0.05631536604987941
2023-06-19,13410,13830,13040,13770,12847972,0.04874333587204882
2023-06-20,14770,15150,14360,14970,29937285,0.08714596949891074
2023-06-21,14700,15490,14540,15140,16964024,0.011356045424181671
2023-06-22,15160,16950,15100,16680,35872702,0.10171730515191535
2023-06-23,16500,17220,15950,16660,14596166,-0.0011990407673860837
2023-06-26,16690,17640,16150,16220,16800583,-0.026410564225690325
2023-06-27,16420,17500,16050,17480,22475453,0.07768187422934658
2023-06-28,17220,17400,15280,15500,15088443,-0.11327231121281467
2023-06-29,15240,16140,15240,15450,10036639,-0.003225806451612856
2023-06-30,15480,15880,14980,15250,6515830,-0.012944983818770184
2023-07-03,15430,17260,15330,17140,16371188,0.12393442622950812
2023-07-04,17060,18350,16850,17690,22776619,0.03208868144690791
2023-07-05,17850,18460,17740,18180,16134757,0.02769926512153753
2023-07-06,17800,17890,16570,16600,9311868,-0.08690869086908692
2023-07-07,16400,17100,16380,16960,5527209,0.02168674698795181
2023-07-10,17000,17260,15710,15900,6485778,-0.0625
2023-07-11,16390,20450,16330,20250,51281256,0.2735849056603774
2023-07-12,19930,22350,19350,21500,37986903,0.06172839506172845
2023-07-13,21600,27000,21300,25250,59914426,0.17441860465116288
2023-07-14,25900,26450,24750,25550,21430598,0.011881188118811892
2023-07-17,25450,27900,25150,26350,21086049,0.03131115459882583
2023-07-18,25800,27900,25700,27050,17518349,0.026565464895635715
2023-07-19,27500,27800,25500,26750,13354259,-0.011090573012939031
2023-07-20,26250,31850,26200,31050,44536868,0.1607476635514018
2023-07-21,30450,32100,30200,31250,16494937,0.006441223832528209
2023-07-24,31350,38050,30050,33550,21638753,0.07360000000000011
2023-07-25,36050,36700,33900,35150,7299339,0.04769001490312963
2023-07-26,35700,45400,30500,35500,31783762,0.009957325746799528
2023-07-27,36500,38450,27150,28450,16697375,-0.1985915492957746
2023-07-28,27300,31550,26350,31000,12323587,0.08963093145869938
2023-07-31,32400,35450,32300,34750,9434730,0.12096774193548376
2023-08-01,36500,37200,32950,34950,9133322,0.0057553956834532904
2023-08-02,33450,35700,32450,33050,6230262,-0.05436337625178822
2023-08-03,33600,34200,31150,34000,5461437,0.02874432677760974
2023-08-04,34150,34550,32400,33300,3816646,-0.020588235294117685
2023-08-07,32400,32650,29300,29850,5778547,-0.10360360360360366
2023-08-08,29750,32900,29600,32650,8766853,0.0938023450586265
2023-08-09,32650,33850,31800,32000,5050821,-0.019908116385911168
2023-08-10,31300,32550,30650,31550,4663428,-0.014062499999999978
2023-08-11,31650,31700,29300,29350,4852781,-0.06973058637083995
2023-08-14,28350,30400,28300,29850,3814046,0.017035775127768327
2023-08-16,29400,29400,28400,28900,3065149,-0.031825795644891075
2023-08-17,29000,31400,28550,31200,8588502,0.0795847750865053
2023-08-18,30750,31350,28850,29450,4590467,-0.05608974358974361
2023-08-21,29150,33800,29150,32950,12978668,0.11884550084889645
2023-08-22,33100,34900,32550,34400,10665872,0.04400606980273136
2023-08-23,34000,38050,32050,37500,14036972,0.09011627906976738
